product_id,product_title,predicted_rating,actual_rating,discounted_price,original_price,total_reviews,is_best_seller,discount_percentage,user_id
4441,"HP ScanJet Pro 3000 s4 (6FW07A) 40ppm USB 3.0 Color Duplex Scanner with 50-page ADF for Documents, Photos, Receipts, and Cards. TWAIN/ISIS drivers included",2.1898375854095393,3.7,216.66,216.66,76.0,No Badge,0.0,1
7139,"SanDisk 32GB Ultra SDHC UHS-I Class 10 Camera Card 120MB/s U1, Full HD, SD. C10 SDSDUN4-032G (10 Pack) Bundle with (1) GoRAM USB 3.0 Reader (32GB)",2.1696763626210176,4.9,76.99,76.99,39.0,No Badge,0.0,1
7840,"TRX Training 6 Month On-Demand Membership - Unlimited Access to Expert-Led Workouts, Personalized Programs, Strength, Cardio & Recovery - Train Anytime",2.068372150328177,4.7,49.95,49.95,8.0,No Badge,0.0,1
5523,Lume Cube RGB Tube Light Mini for Photo & Video | RGBWW Full Color Tube Light | Bluetooth App Controlled | Millions of Colors | Aluminum Durable Design | 97+ CRI,2.000983709050528,4.9,169.99,169.99,29.0,No Badge,0.0,1
783,ASURION 4 Year Home Improvement Protection Plan ($600 - $699.99),1.9621471589141215,4.4,93.99,93.99,613.0,No Badge,0.0,1
1881,"Belkin MagSafe-Compatible Charger, 3-in-1 Wireless Charging Station, Qi2-Certified 15W Wireless Charge for Apple iPhone 16 Series, Apple Watch, AirPods w/Non-Slip Base, 40W Included - Black",1.8749751702646336,4.4,119.99,119.99,3520.0,No Badge,0.0,1
4717,"JBL RallyBar - 21"" Bluetooth Universal Outdoor Vehicle Soundbar with Built-in 150w RMS Amplifier, LED Lights, IP66 Water & Dust Resistant, Black",1.872839981980761,4.7,879.95,879.95,133.0,No Badge,0.0,1
376,ASURION 2 Year Major Appliance Protection Plan ($600 - $699.99),1.808255133503624,3.9,66.99,66.99,16.0,No Badge,0.0,1
4927,Kingston DataTraveler SE9 USB Flash Drive; 256GB,1.572113239677785,4.5,24.99,26.99,1479.0,No Badge,7.41,1
7288,Sennheiser HD 25 Monitor Headphones with Headphone Case & Padded Holder Bundle,1.5644638561141704,4.3,149.95,149.95,93.0,No Badge,0.0,1
5634,"MUDDY Hunt Hard Compact Durable Aluminum Lightweight Ergonomic Portable Easy-to-Install Silent Outdoor Camera Arm | 24"" Reach with Over 5 Points of Adjustment",3.179677229659039,4.3,64.24,64.24,381.0,No Badge,0.0,2
2540,Celestron – Origin Intelligent Home Observatory – All-in-one Astroimaging and Stargazing Smart Telescope – 6-inch RASA Telescope – Fully-Automated GoTo Mount – User-Friendly – iOS/Android Compatible,3.0658853510791784,4.4,3797.85,3797.85,25.0,No Badge,0.0,2
3354,"Energizer MAX AA Batteries (16 Pack), Double A Alkaline Batteries",2.71413936539678,4.8,16.19,16.19,172.0,No Badge,0.0,2
1752,"BAGSMART 13-14 inch Laptop Case with Handle, Puffy Padded Laptop Bag Sleeve for Women, Portable MacBook Air/Pro Case Compatible with Dell, HP, Lenovo, ASUS, Acer, Huawei Computer, Beige",2.6937910301322447,4.6,24.99,24.99,1075.0,No Badge,0.0,2
3000,"Duracell Coppertop AA Batteries with Power Boost Ingredients, 28 Count Pack Double A Battery with Long-lasting Power, Alkaline AA Battery for Household and Office Devices",2.405667659080597,4.8,22.25,25.49,27783.0,No Badge,12.71,2
1693,"Avery Customizable Name Tags, 2-1/3"" x 3-3/8"", White with Red Border, 100 Removable Name Badges (05143)",2.403809071869746,4.8,7.29,7.29,5525.0,No Badge,0.0,2
6033,Nikon Z f with Special Edition Prime Lens | Full-Frame Mirrorless Stills/Video Camera with Fast 40mm f/2 Lens | Nikon USA Model,2.1048570481896207,4.8,2136.95,2239.95,120.0,No Badge,4.6,2
6195,OtterBox Wireless Charging Stand for MagSafe (MFi Approved -15W) - Includes 20W Wall Charger & 2M (6.6FT) USB-C to USB-C Cable - Brilliant Opera (White),1.7619611668632966,4.6,24.95,59.95,48.0,No Badge,58.38,2
791,ASURION 4 Year Housewares Protection Plan ($150 - $174.99),1.646536348510381,4.5,34.99,34.99,3459.0,No Badge,0.0,2
171,"ARKON Mounts - Camera Wall Mount Robust Aluminum Construction Easy Installation Precision adjustments to capture any angle Great security camera mount for CCTV cameras, camcorders, and more",1.5909019611192892,4.6,31.05,49.95,1138.0,No Badge,37.84,2
3511,FUJIFILM X-T5 Mirrorless Digital Camera XF16-50mmF2.8-4.8 R LM WR Lens Kit - Silver,2.9287419319985464,4.5,2299.0,2299.0,2.0,No Badge,0.0,3
1721,"Avery Printable Greeting Cards with Envelopes, Half-Fold, 5.5"" x 8.5"", Matte White, 30 Blank Greeting Cards for Inkjet Printers (08316)",2.26932592529896,4.7,22.07,27.33,1460.0,No Badge,19.25,3
3000,"Duracell Coppertop AA Batteries with Power Boost Ingredients, 28 Count Pack Double A Battery with Long-lasting Power, Alkaline AA Battery for Household and Office Devices",2.156089522853605,4.8,22.25,25.49,27783.0,No Badge,12.71,3
7533,"Sony SRS-XP700 X-Series Wireless Portable-BLUETOOTH-Karaoke Party-Speaker IPX4 Splash-resistant with 25 Hour-Battery,Black",2.0686597637180393,4.6,337.0,337.0,1315.0,No Badge,0.0,3
2172,CISCO DESIGNED Business CBS220-24P-4G Smart Switch | 24 Port GE | PoE | 4x1G SFP | 3-Year Limited Hardware Warranty (CBS220-24P-4G-NA),1.909448190782299,4.5,430.19,451.99,88.0,No Badge,4.82,3
5523,Lume Cube RGB Tube Light Mini for Photo & Video | RGBWW Full Color Tube Light | Bluetooth App Controlled | Millions of Colors | Aluminum Durable Design | 97+ CRI,1.8598179486360567,4.9,169.99,169.99,29.0,No Badge,0.0,3
1782,"BCW Vinyl Record Storage Boxes – 10 Pack | Holds 65 LPs Each | Stackable Vinyl Record Storage Box with Reinforced Bottom & Handles | Archival Record Organizer for 12-Inch Albums, DJs & Collectors",1.7894968020569104,4.6,93.99,93.99,340.0,No Badge,0.0,3
5692,Meta Quest 2 — Advanced All-In-One Virtual Reality Headset — 256 GB,1.680717238143401,4.7,224.0,224.0,21939.0,No Badge,0.0,3
3022,Duracell Precharged Recharg. Battery AA (Pack of 2),1.6715139686632154,4.5,25.99,25.99,317.0,No Badge,0.0,3
8616,"acer 2-Pack Laptop Privacy Screen - for Laptop 15.6 Inch 16:9, Magnetic & Removable Privacy Filter Shield, Anti-Glare Screen Protector, Dual-Sided Monitor Shield, for HP, Dell and Other Major Brands",1.5725910406264516,4.5,59.99,59.99,381.0,No Badge,0.0,3
2540,Celestron – Origin Intelligent Home Observatory – All-in-one Astroimaging and Stargazing Smart Telescope – 6-inch RASA Telescope – Fully-Automated GoTo Mount – User-Friendly – iOS/Android Compatible,3.305885704436057,4.4,3797.85,3797.85,25.0,No Badge,0.0,4
7970,Toshiba 20TB MG10ACA20TE SATA 600GB 20in1 HDD,2.5484226983302767,4.4,349.0,349.0,125.0,No Badge,0.0,4
1782,"BCW Vinyl Record Storage Boxes – 10 Pack | Holds 65 LPs Each | Stackable Vinyl Record Storage Box with Reinforced Bottom & Handles | Archival Record Organizer for 12-Inch Albums, DJs & Collectors",2.464191112342897,4.6,93.99,93.99,340.0,No Badge,0.0,4
7182,"Sanus Height Adjustable Speaker Stand for Sonos Era 300™ - 17"" Height Adjustment Sonos Stand Includes Carpet Spikes & Rubber Pads - Easy DIY Install Comes w/All Hardware - White",2.1925764225943,4.4,179.99,179.99,45.0,No Badge,0.0,4
5634,"MUDDY Hunt Hard Compact Durable Aluminum Lightweight Ergonomic Portable Easy-to-Install Silent Outdoor Camera Arm | 24"" Reach with Over 5 Points of Adjustment",2.0246569870536577,4.3,64.24,64.24,381.0,No Badge,0.0,4
2237,Canon 10x42 L is WP Image Stabilized Binoculars,1.9930100883686226,4.4,1229.0,1229.0,219.0,No Badge,0.0,4
6448,"Pioneer G-Series TS-G6930F 6” x 9” 3-Way Speakers (Pair) – 400W Max, Balanced Sound + Smooth Treble, Great Stock Replacement, High-Efficiency Speaker Designed for OEM Power",1.9807090689096818,4.5,51.03,69.99,1117.0,No Badge,27.09,4
4023,"HP 134A Black Toner Cartridge 2-Pack | Original Cartridge | Compatible Laserjet M209 Series, Laserjet MFP M234 Series | W1340A | Each Cartridge Prints up to 1,100 Pages",1.8677121057100603,5.0,131.89,131.89,3.0,No Badge,0.0,4
5955,NIKON Z TELECONVERTER TC-2.0X for 2.0X Magnification of Compatible Nikon Z Mirrorless Lenses and Nikon Z Cameras,1.770553048558745,4.2,599.95,599.95,186.0,No Badge,0.0,4
4717,"JBL RallyBar - 21"" Bluetooth Universal Outdoor Vehicle Soundbar with Built-in 150w RMS Amplifier, LED Lights, IP66 Water & Dust Resistant, Black",1.7386408529683024,4.7,879.95,879.95,133.0,No Badge,0.0,4
4542,Humminbird LakeMaster Premium Minnesota V1 Map SD Card for Fish Finders,1.921449914222278,4.6,156.84,199.99,66.0,No Badge,21.58,5
2172,CISCO DESIGNED Business CBS220-24P-4G Smart Switch | 24 Port GE | PoE | 4x1G SFP | 3-Year Limited Hardware Warranty (CBS220-24P-4G-NA),1.878153308971636,4.5,430.19,451.99,88.0,No Badge,4.82,5
3890,"Gigabyte Radeon RX 9060 XT Gaming OC 16G Graphics Card - 16GB GDDR6, 128bit, PCI-E 5.0, 3320 MHz Core Clock, 2 x DisplayPort, 1 x HDMI, GV-R9060XTGAMING OC-16GD",1.8207832908601111,4.6,410.0,410.0,118.0,No Badge,0.0,5
2540,Celestron – Origin Intelligent Home Observatory – All-in-one Astroimaging and Stargazing Smart Telescope – 6-inch RASA Telescope – Fully-Automated GoTo Mount – User-Friendly – iOS/Android Compatible,1.7829751160567766,4.4,3797.85,3797.85,25.0,No Badge,0.0,5
5960,"NOCO NUSB211NA 10W USB Power Adapter, 2.1A 5V Wall Charger and Compatible, Apple, Samsung, Google, Amazon Devices",1.7358992964731044,4.7,9.95,9.95,5591.0,No Badge,0.0,5
7970,Toshiba 20TB MG10ACA20TE SATA 600GB 20in1 HDD,1.6546676134359817,4.4,349.0,349.0,125.0,No Badge,0.0,5
7346,Sigma 18-50mm f/2.8 DC DN Contemporary Lens for Sony E Mount with Altura Photo Advanced Accessory and Travel Bundle,1.553859717443861,4.4,659.0,659.0,58.0,No Badge,0.0,5
7185,"Sanus Wireless Speaker Stands for Sonos ERA 300™ (Black) - Pair, Perfect Stand Setup for Easy and Secure Mounting of New Sonos Era 300™ Speakers - OSSE32-B2",1.409609415914463,4.7,199.99,199.99,209.0,No Badge,0.0,5
4927,Kingston DataTraveler SE9 USB Flash Drive; 256GB,1.3622412134420998,4.5,24.99,26.99,1479.0,No Badge,7.41,5
5955,NIKON Z TELECONVERTER TC-2.0X for 2.0X Magnification of Compatible Nikon Z Mirrorless Lenses and Nikon Z Cameras,1.3547442075869722,4.2,599.95,599.95,186.0,No Badge,0.0,5
3674,G.SKILL Trident Z5 Neo RGB Series (AMD Expo) DDR5 RAM 64GB (2X 32GB) 6000MT/s CL26-36-36-96 1.45V Desktop Computer Memory U-DIMM - Black (F5-6000J2636H32GX2-TZ5NR),2.494519266889723,5.0,356.39,356.39,24.0,No Badge,0.0,6
7343,Sigma 16-28 mm F2.8 DG DN Lens for Sony E Mount,2.445654361322502,4.6,989.0,989.0,131.0,No Badge,0.0,6
5960,"NOCO NUSB211NA 10W USB Power Adapter, 2.1A 5V Wall Charger and Compatible, Apple, Samsung, Google, Amazon Devices",2.1100651801481844,4.7,9.95,9.95,5591.0,No Badge,0.0,6
3890,"Gigabyte Radeon RX 9060 XT Gaming OC 16G Graphics Card - 16GB GDDR6, 128bit, PCI-E 5.0, 3320 MHz Core Clock, 2 x DisplayPort, 1 x HDMI, GV-R9060XTGAMING OC-16GD",2.094220155591875,4.6,410.0,410.0,118.0,No Badge,0.0,6
6301,Pacsafe Vibe 325 Anti Theft Crossbody Casual Daypack,1.8486791633201192,4.5,129.94,129.94,376.0,No Badge,0.0,6
5828,Motorola 56531 Multi Unit Charger / Cloning Station,1.7288760437883388,4.3,199.99,199.99,105.0,No Badge,0.0,6
2264,"Canon CLI-251XL Genuine Yellow Ink Tank, Compatible with MG6320, IP7220 & MG5420, MX922, MG5520, MG6420, MG7120, iX6820, iP8720, MG7520, MG6620, and MG5620 Printers",1.715635649497417,4.8,21.99,23.99,944.0,No Badge,8.34,6
608,ASURION 3 Year Headphones Protection Plan ($50 - $59.99),1.6839820027702377,4.5,10.99,10.99,57.0,No Badge,0.0,6
4707,"JBL Live Buds 3 - True Wireless Noise-Cancelling Bud-Type Earbuds, 40Hrs Total Playback, Wireless Charging, 6 Mics for Perfect Calls, Multi-Point Connection, IP55 Waterproof and dustproof (Black)",1.6809300894262391,4.3,139.95,199.95,245.0,No Badge,30.01,6
1881,"Belkin MagSafe-Compatible Charger, 3-in-1 Wireless Charging Station, Qi2-Certified 15W Wireless Charge for Apple iPhone 16 Series, Apple Watch, AirPods w/Non-Slip Base, 40W Included - Black",1.674781185798499,4.4,119.99,119.99,3520.0,No Badge,0.0,6
5394,"Logitech G Astro A30 LIGHTSPEED Wireless Gaming Headset - Bluetooth, Dolby Atmos/3D Audio compatible, Detachable Boom, 27hr battery, for Xbox, Nintendo Switch, PC, Android",2.0160728831093033,3.8,127.32,127.32,1182.0,No Badge,0.0,7
4897,"Kensington SD5000T5 Thunderbolt 5 Docking Station – Dual Display for MacBooks M1/M2/M3/M4 Pro and Max; Triple Display for Windows TB5; TB4 Compatible, 140W Power Delivery (K35201NA)",1.9858573685989942,3.8,263.99,389.99,86.0,No Badge,32.31,7
5954,NIKON Z TELECONVERTER TC-1.4X for 1.4X Magnification of Compatible Nikon Z Mirrorless Lenses and Nikon Z Cameras,1.932475181032698,4.6,479.99,479.99,104.0,No Badge,0.0,7
5892,"NEEWER Photography Light Stand, 7 Feet / 210cm Aluminum Alloy Photo Studio Tripod Stands for Video, Portrait and Photography Lighting, Reflectors, Soft Boxes, Umbrellas, Backgrounds (2 Pieces)",1.888965877415689,4.4,29.99,40.99,1260.0,No Badge,26.84,7
3354,"Energizer MAX AA Batteries (16 Pack), Double A Alkaline Batteries",1.714789682462746,4.8,16.19,16.19,172.0,No Badge,0.0,7
4196,"HP 58X Black High-Yield Toner Cartridge 2-Pack | Original Cartridge | Compatible Laserjet Enterprise M406dn, Enterprise MFP M430f, Pro M404 Series, M428 Series | CF258X | Each Cartridge",1.7032556260453344,4.5,611.89,611.89,381.0,No Badge,0.0,7
7533,"Sony SRS-XP700 X-Series Wireless Portable-BLUETOOTH-Karaoke Party-Speaker IPX4 Splash-resistant with 25 Hour-Battery,Black",1.6976241859377836,4.6,337.0,337.0,1315.0,No Badge,0.0,7
8059,"UGREEN 45W USB C Charger, Nexode 2 Port GaN Foldable PPS Wall Charger Block Support Samsung Super Fast Charging 2.0 for Galaxy S25/S24/Note 20, iPhone 16/15/14, iPad, MacBook, Steam Deck (Black)",1.6617799114084677,4.6,22.99,29.99,6293.0,No Badge,23.34,7
1331,"Anker Power Bank, 20,000mAh Travel Essential Portable Charger with Built-in USB-C Cable, 3-Port 87W Max Fast Charging Battery Pack, for MacBook, iPhone 16/15 Series, Samsung, Switch, and More",1.5561841966305183,4.6,79.99,85.99,3535.0,No Badge,0.0,7
2172,CISCO DESIGNED Business CBS220-24P-4G Smart Switch | 24 Port GE | PoE | 4x1G SFP | 3-Year Limited Hardware Warranty (CBS220-24P-4G-NA),1.5330909543414368,4.5,430.19,451.99,88.0,No Badge,4.82,7
3438,"Epson Premium Presentation Paper MATTE (8x10 Inches, 50 Sheets) (S041467),Bright White",2.6128773715657467,4.5,12.5,14.29,457.0,No Badge,12.53,8
2256,"Canon CLI-251 Genuine 5 Color Value Pack, Compatible with MG7520, MG5620, and MG6620 Printers",2.4773801122011254,4.6,69.95,74.99,1314.0,No Badge,6.72,8
4352,"HP Elitebook 650 G10 15 15.6"" FHD Business Laptop Computer, 13th Gen Intel 10-Core i7-1355U, 64GB DDR4 RAM, 2TB PCIe SSD, WiFi 6E, BT5.3, Backlit Keyboard, Fingerprint Reader, Windows 11 Pro, AZ-XUT",2.1263778917120915,4.4,1229.0,1299.0,54.0,No Badge,5.39,8
1752,"BAGSMART 13-14 inch Laptop Case with Handle, Puffy Padded Laptop Bag Sleeve for Women, Portable MacBook Air/Pro Case Compatible with Dell, HP, Lenovo, ASUS, Acer, Huawei Computer, Beige",2.0109535396349276,4.6,24.99,24.99,1075.0,No Badge,0.0,8
5011,"Kuryakyn 2720 MTX Road Thunder Weather Resistant Motorcycle Sound Bar Plus: 300 Watt Handlebar Mounted Audio Speakers with Bluetooth, USB Power Charger, Satin Black",1.9843097428589653,4.2,579.99,579.99,1845.0,No Badge,0.0,8
90,"AMD Ryzen 5 3400G 4-core, 8-Thread Unlocked Desktop Processor with Radeon RX Graphics",1.9682038838684732,4.7,77.0,87.78,6862.0,No Badge,12.28,8
6301,Pacsafe Vibe 325 Anti Theft Crossbody Casual Daypack,1.9299507905949014,4.5,129.94,129.94,376.0,No Badge,0.0,8
3022,Duracell Precharged Recharg. Battery AA (Pack of 2),1.8555827848966653,4.5,25.99,25.99,317.0,No Badge,0.0,8
3596,"Fujifilm Instax Mini 100 Film for Fuji 7S 8 25 50S 90 300 Instant Camera, Share SP-1 White, Pack of 5",1.78050849215504,4.8,118.99,118.99,1895.0,No Badge,0.0,8
2535,"Celestron 93973 Skyportal WiFi Module, Black",1.7768127395804563,4.3,129.99,143.95,2274.0,No Badge,9.7,8
3607,"Fujifilm Instax Mini 99 Instant Camera Vintage Black. + Value Pack (40 Sheets) Shutter Accessories Bundle, Includes Style Compatible Carrying Case, Black Photo Album 64 Pockets",2.309130633056945,4.3,269.95,269.95,25.0,No Badge,0.0,9
1721,"Avery Printable Greeting Cards with Envelopes, Half-Fold, 5.5"" x 8.5"", Matte White, 30 Blank Greeting Cards for Inkjet Printers (08316)",2.2666601814776803,4.7,22.07,27.33,1460.0,No Badge,19.25,9
2996,"Duracell Coppertop 9V Battery, 6 Count (Pack of 1), 9 Volt Battery with Long-lasting Power, All-Purpose Alkaline 9V Battery for Household and Office Devices",2.1605350266432226,4.8,25.47,25.47,5207.0,No Badge,0.0,9
1693,"Avery Customizable Name Tags, 2-1/3"" x 3-3/8"", White with Red Border, 100 Removable Name Badges (05143)",2.100314031927475,4.8,7.29,7.29,5525.0,No Badge,0.0,9
791,ASURION 4 Year Housewares Protection Plan ($150 - $174.99),2.0562504408386064,4.5,34.99,34.99,3459.0,No Badge,0.0,9
5838,Motorola Solutions RMU2040 6-Pack Two-Way Radio Digital Non-Display 99 UHF Business Exclusive Frequencies,2.034934460589404,4.5,1512.0,1512.0,9.0,No Badge,0.0,9
3022,Duracell Precharged Recharg. Battery AA (Pack of 2),2.0151647670683954,4.5,25.99,25.99,317.0,No Badge,0.0,9
5523,Lume Cube RGB Tube Light Mini for Photo & Video | RGBWW Full Color Tube Light | Bluetooth App Controlled | Millions of Colors | Aluminum Durable Design | 97+ CRI,1.9667488856010424,4.9,169.99,169.99,29.0,No Badge,0.0,9
7817,"TP-Link USB 3.0 WiFi Adapter for Desktop PC (Archer TX30U Plus)-AX1800 WiFi 6 Dual-Band Plug and Play Wireless Network Adapter with 2.4GHz, 5GHz, 2×High Gain Antenna, WPA3, Supports Windows 11/10",1.8745310680529863,4.7,32.99,32.99,7.0,No Badge,0.0,9
8457,Walker's Shooting Ear & Hearing Protection Sport Electronic Bluetooth Rechargeable ATACS Wireless Earbuds,1.8275447861294227,3.6,124.99,124.99,76.0,No Badge,0.0,9
1721,"Avery Printable Greeting Cards with Envelopes, Half-Fold, 5.5"" x 8.5"", Matte White, 30 Blank Greeting Cards for Inkjet Printers (08316)",3.1932847780983336,4.7,22.07,27.33,1460.0,No Badge,19.25,10
3607,"Fujifilm Instax Mini 99 Instant Camera Vintage Black. + Value Pack (40 Sheets) Shutter Accessories Bundle, Includes Style Compatible Carrying Case, Black Photo Album 64 Pockets",3.120938590754043,4.3,269.95,269.95,25.0,No Badge,0.0,10
4352,"HP Elitebook 650 G10 15 15.6"" FHD Business Laptop Computer, 13th Gen Intel 10-Core i7-1355U, 64GB DDR4 RAM, 2TB PCIe SSD, WiFi 6E, BT5.3, Backlit Keyboard, Fingerprint Reader, Windows 11 Pro, AZ-XUT",2.9795719793943856,4.4,1229.0,1299.0,54.0,No Badge,5.39,10
171,"ARKON Mounts - Camera Wall Mount Robust Aluminum Construction Easy Installation Precision adjustments to capture any angle Great security camera mount for CCTV cameras, camcorders, and more",2.7628059157554294,4.6,31.05,49.95,1138.0,No Badge,37.84,10
5247,"Lenovo ThinkPad P16 Gen 2 Intel Core i7-14700HX, 20C, 16"" WQUXGA (3840 x 2400), 800 nits, 60Hz, 32GB RAM DDR5, 1TB SSD, NVIDIA RTX 2000, Backlit KYB, Fingerprint Reader, Windows Pro",2.565255081958309,4.5,2259.0,2259.0,381.0,No Badge,0.0,10
3511,FUJIFILM X-T5 Mirrorless Digital Camera XF16-50mmF2.8-4.8 R LM WR Lens Kit - Silver,2.4517614314141465,4.5,2299.0,2299.0,2.0,No Badge,0.0,10
6637,"Pyle Wireless Portable Bluetooth Boombox Speaker – Rechargeable Music Barrel with AUX Input, USB/SD/MP3 Playback, FM Radio, 2.5"" Tweeter – Loud Stereo Sound for Travel, Parties, Outdoors (PBMSPG3BK)",2.2282555555933263,3.8,40.99,40.99,3304.0,No Badge,0.0,10
1881,"Belkin MagSafe-Compatible Charger, 3-in-1 Wireless Charging Station, Qi2-Certified 15W Wireless Charge for Apple iPhone 16 Series, Apple Watch, AirPods w/Non-Slip Base, 40W Included - Black",2.1848910406130884,4.4,119.99,119.99,3520.0,No Badge,0.0,10
6448,"Pioneer G-Series TS-G6930F 6” x 9” 3-Way Speakers (Pair) – 400W Max, Balanced Sound + Smooth Treble, Great Stock Replacement, High-Efficiency Speaker Designed for OEM Power",2.163933410084386,4.5,51.03,69.99,1117.0,No Badge,27.09,10
6195,OtterBox Wireless Charging Stand for MagSafe (MFi Approved -15W) - Includes 20W Wall Charger & 2M (6.6FT) USB-C to USB-C Cable - Brilliant Opera (White),2.079333778813585,4.6,24.95,59.95,48.0,No Badge,58.38,10
3674,G.SKILL Trident Z5 Neo RGB Series (AMD Expo) DDR5 RAM 64GB (2X 32GB) 6000MT/s CL26-36-36-96 1.45V Desktop Computer Memory U-DIMM - Black (F5-6000J2636H32GX2-TZ5NR),2.8908971626828035,5.0,356.39,356.39,24.0,No Badge,0.0,11
7970,Toshiba 20TB MG10ACA20TE SATA 600GB 20in1 HDD,2.3416076085056723,4.4,349.0,349.0,125.0,No Badge,0.0,11
2996,"Duracell Coppertop 9V Battery, 6 Count (Pack of 1), 9 Volt Battery with Long-lasting Power, All-Purpose Alkaline 9V Battery for Household and Office Devices",2.2665776229610914,4.8,25.47,25.47,5207.0,No Badge,0.0,11
60,"A better mix of precision and comfort with scrolling designed for Web use. - LOGITECH, INC. M325 Wireless Mouse, Right/Left, Blue",1.9746728507137001,4.6,13.99,13.99,906.0,No Badge,0.0,11
791,ASURION 4 Year Housewares Protection Plan ($150 - $174.99),1.9537407425984463,4.5,34.99,34.99,3459.0,No Badge,0.0,11
2847,"Dell Inspiron 15 3511 15.6 Inch Laptop, Full HD LED Non-Touch WVA Display - Intel Core i3-1115G4, 8GB DDR4 RAM, 256GB SSD, UHD Graphics, Windows 11 Home - Carbon Black",1.7828642368041074,4.2,369.0,369.0,507.0,Amazon's,0.0,11
1782,"BCW Vinyl Record Storage Boxes – 10 Pack | Holds 65 LPs Each | Stackable Vinyl Record Storage Box with Reinforced Bottom & Handles | Archival Record Organizer for 12-Inch Albums, DJs & Collectors",1.751338890179644,4.6,93.99,93.99,340.0,No Badge,0.0,11
8684,klipsch Reference Premiere RP-8000F II Ebony Floorstanding Speaker,1.5997059839943837,4.6,549.99,549.99,93.0,No Badge,0.0,11
8043,"UGREEN 10Gbps USB to USB C Adapter 2Pack, USB C Female to USB 3.0 Male Adapter Type Charger Connector for iPhone 16 15 14 13,AirPods,iPad Air Mini 6 7,CarPlay,Black",1.569455567775258,4.5,6.49,8.99,1647.0,No Badge,27.81,11
5692,Meta Quest 2 — Advanced All-In-One Virtual Reality Headset — 256 GB,1.5134958202124456,4.7,224.0,224.0,21939.0,No Badge,0.0,11
8024,"UBeesize 72"" Phone Tripod - Tripod for iPhone & Selfie Stick with Phone Holder & Remote - Upgraded, Stable & Portable Stand for iPhone 16/15/14, Android, Cameras & Action Cams",2.2130957868417322,4.5,29.69,32.99,291.0,No Badge,10.0,12
8616,"acer 2-Pack Laptop Privacy Screen - for Laptop 15.6 Inch 16:9, Magnetic & Removable Privacy Filter Shield, Anti-Glare Screen Protector, Dual-Sided Monitor Shield, for HP, Dell and Other Major Brands",2.1057602365204033,4.5,59.99,59.99,381.0,No Badge,0.0,12
4717,"JBL RallyBar - 21"" Bluetooth Universal Outdoor Vehicle Soundbar with Built-in 150w RMS Amplifier, LED Lights, IP66 Water & Dust Resistant, Black",2.0277276748669357,4.7,879.95,879.95,133.0,No Badge,0.0,12
3432,"Epson LabelWorks Standard LK (Replaces LC) Tape Cartridge ~1/2"" Black on White (LK-4WBN) - for use with LabelWorks LW-300, LW-400, LW-600P and LW-700 Label Printers",1.9762378228540378,4.6,13.96,14.99,801.0,No Badge,6.87,12
3326,"Energizer Alkaline Power AAA Batteries, 32 Count, Long-Lasting Triple A Batteries, Suitable for Everyday Electronics and Emergency Gear",1.8508571078917757,4.8,15.15,17.99,43002.0,No Badge,15.79,12
3596,"Fujifilm Instax Mini 100 Film for Fuji 7S 8 25 50S 90 300 Instant Camera, Share SP-1 White, Pack of 5",1.8357851739516817,4.8,118.99,118.99,1895.0,No Badge,0.0,12
4828,"KODAK 10.1 Inch WiFi Digital Picture Frame,1280x800 HD IPS Touch Screen, Electronic Smart Photo Frame with 32 GB Memory, Auto-Rotate, Instantly Share Photos/Videos Anywhere",1.7088302855470172,4.1,85.99,85.99,264.0,No Badge,0.0,12
3000,"Duracell Coppertop AA Batteries with Power Boost Ingredients, 28 Count Pack Double A Battery with Long-lasting Power, Alkaline AA Battery for Household and Office Devices",1.6438937540804104,4.8,22.25,25.49,27783.0,No Badge,12.71,12
6257,"PIONEER A-Series Plus TS-A6971F 6” x 9” 4-Way Speakers (Pair) – 600W Max, Balanced Sound + Smooth Treble, Enhanced Bass, Ideal Factory Upgrade, Installation Adaptors Included",1.619182937940935,4.6,71.89,109.99,73.0,No Badge,34.64,12
1752,"BAGSMART 13-14 inch Laptop Case with Handle, Puffy Padded Laptop Bag Sleeve for Women, Portable MacBook Air/Pro Case Compatible with Dell, HP, Lenovo, ASUS, Acer, Huawei Computer, Beige",1.494248340646474,4.6,24.99,24.99,1075.0,No Badge,0.0,12
171,"ARKON Mounts - Camera Wall Mount Robust Aluminum Construction Easy Installation Precision adjustments to capture any angle Great security camera mount for CCTV cameras, camcorders, and more",2.916505892173186,4.6,31.05,49.95,1138.0,No Badge,37.84,13
7185,"Sanus Wireless Speaker Stands for Sonos ERA 300™ (Black) - Pair, Perfect Stand Setup for Easy and Secure Mounting of New Sonos Era 300™ Speakers - OSSE32-B2",2.458566342189816,4.7,199.99,199.99,209.0,No Badge,0.0,13
4542,Humminbird LakeMaster Premium Minnesota V1 Map SD Card for Fish Finders,2.306349531753912,4.6,156.84,199.99,66.0,No Badge,21.58,13
783,ASURION 4 Year Home Improvement Protection Plan ($600 - $699.99),2.0827534663778873,4.4,93.99,93.99,613.0,No Badge,0.0,13
7970,Toshiba 20TB MG10ACA20TE SATA 600GB 20in1 HDD,2.07623041684743,4.4,349.0,349.0,125.0,No Badge,0.0,13
3521,Fellowes AutoMax Micro-Cut 100M Commercial Office Auto Feed 2-in-1 Paper Shredder with 100-Sheet Capacity,2.042399978463207,4.1,269.0,269.0,798.0,No Badge,0.0,13
694,ASURION 3 Year Luggage Protection Plan ($200 - $249.99),2.038040522165707,4.6,33.99,33.99,83.0,No Badge,0.0,13
7519,Sony Playstation PS4 1TB Black Console,2.008910913439062,4.6,200.0,200.0,1709.0,No Badge,0.0,13
2996,"Duracell Coppertop 9V Battery, 6 Count (Pack of 1), 9 Volt Battery with Long-lasting Power, All-Purpose Alkaline 9V Battery for Household and Office Devices",1.989891999394256,4.8,25.47,25.47,5207.0,No Badge,0.0,13
2535,"Celestron 93973 Skyportal WiFi Module, Black",1.8934739820127273,4.3,129.99,143.95,2274.0,No Badge,9.7,13
7185,"Sanus Wireless Speaker Stands for Sonos ERA 300™ (Black) - Pair, Perfect Stand Setup for Easy and Secure Mounting of New Sonos Era 300™ Speakers - OSSE32-B2",2.508028205365487,4.7,199.99,199.99,209.0,No Badge,0.0,14
7356,"Simple Houseware Mesh Laptop Stand with 11-Levels Adjustable Ventilated Computer Holder, Black",2.3960349725039936,4.7,16.87,16.87,5205.0,No Badge,0.0,14
3890,"Gigabyte Radeon RX 9060 XT Gaming OC 16G Graphics Card - 16GB GDDR6, 128bit, PCI-E 5.0, 3320 MHz Core Clock, 2 x DisplayPort, 1 x HDMI, GV-R9060XTGAMING OC-16GD",2.1888056510481784,4.6,410.0,410.0,118.0,No Badge,0.0,14
171,"ARKON Mounts - Camera Wall Mount Robust Aluminum Construction Easy Installation Precision adjustments to capture any angle Great security camera mount for CCTV cameras, camcorders, and more",1.8292554815020319,4.6,31.05,49.95,1138.0,No Badge,37.84,14
6257,"PIONEER A-Series Plus TS-A6971F 6” x 9” 4-Way Speakers (Pair) – 600W Max, Balanced Sound + Smooth Treble, Enhanced Bass, Ideal Factory Upgrade, Installation Adaptors Included",1.6876151922714189,4.6,71.89,109.99,73.0,No Badge,34.64,14
791,ASURION 4 Year Housewares Protection Plan ($150 - $174.99),1.6755518301500856,4.5,34.99,34.99,3459.0,No Badge,0.0,14
3432,"Epson LabelWorks Standard LK (Replaces LC) Tape Cartridge ~1/2"" Black on White (LK-4WBN) - for use with LabelWorks LW-300, LW-400, LW-600P and LW-700 Label Printers",1.5385426865608114,4.6,13.96,14.99,801.0,No Badge,6.87,14
8233,"Uniden BCD436HP HomePatrol Series Digital Handheld Scanner. TrunkTracker V, Simple Programming, S.A.M.E. Emergency/Weather Alert, Covers USA and Canada",1.5163048582405227,4.2,539.99,539.99,4310.0,No Badge,0.0,14
602,ASURION 3 Year Furniture Protection Plan ($800 - $899.99),1.4859618646803867,4.5,169.99,169.99,381.0,No Badge,0.0,14
2540,Celestron – Origin Intelligent Home Observatory – All-in-one Astroimaging and Stargazing Smart Telescope – 6-inch RASA Telescope – Fully-Automated GoTo Mount – User-Friendly – iOS/Android Compatible,1.4855066236594139,4.4,3797.85,3797.85,25.0,No Badge,0.0,14
3000,"Duracell Coppertop AA Batteries with Power Boost Ingredients, 28 Count Pack Double A Battery with Long-lasting Power, Alkaline AA Battery for Household and Office Devices",2.4428597004879857,4.8,22.25,25.49,27783.0,No Badge,12.71,15
7182,"Sanus Height Adjustable Speaker Stand for Sonos Era 300™ - 17"" Height Adjustment Sonos Stand Includes Carpet Spikes & Rubber Pads - Easy DIY Install Comes w/All Hardware - White",2.3684705653731473,4.4,179.99,179.99,45.0,No Badge,0.0,15
6033,Nikon Z f with Special Edition Prime Lens | Full-Frame Mirrorless Stills/Video Camera with Fast 40mm f/2 Lens | Nikon USA Model,2.289334958466948,4.8,2136.95,2239.95,120.0,No Badge,4.6,15
5634,"MUDDY Hunt Hard Compact Durable Aluminum Lightweight Ergonomic Portable Easy-to-Install Silent Outdoor Camera Arm | 24"" Reach with Over 5 Points of Adjustment",2.216950421265125,4.3,64.24,64.24,381.0,No Badge,0.0,15
90,"AMD Ryzen 5 3400G 4-core, 8-Thread Unlocked Desktop Processor with Radeon RX Graphics",2.1523698969617,4.7,77.0,87.78,6862.0,No Badge,12.28,15
694,ASURION 3 Year Luggage Protection Plan ($200 - $249.99),2.063493476040749,4.6,33.99,33.99,83.0,No Badge,0.0,15
171,"ARKON Mounts - Camera Wall Mount Robust Aluminum Construction Easy Installation Precision adjustments to capture any angle Great security camera mount for CCTV cameras, camcorders, and more",2.008617646457834,4.6,31.05,49.95,1138.0,No Badge,37.84,15
4614,Insta360 Motorcycle Selfie Stick Support Clamp,2.0001915053529915,4.5,48.99,54.99,115.0,No Badge,10.91,15
4441,"HP ScanJet Pro 3000 s4 (6FW07A) 40ppm USB 3.0 Color Duplex Scanner with 50-page ADF for Documents, Photos, Receipts, and Cards. TWAIN/ISIS drivers included",1.964006529021327,3.7,216.66,216.66,76.0,No Badge,0.0,15
8413,"WAVLINK AX1800 Outdoor WiFi Extender Long Range, Weatherproof WiFi Signal Booster Outdoor with POE, Dual Band 2.4/5GHz, Support AP/Repeater/Router Mode for Farm",1.9225641759644823,4.3,159.99,159.99,24.0,No Badge,0.0,15
5970,"NZXT F120 RGB – 120mm RGB PWM PC Fan – High Airflow, Low Noise – Fluid Dynamic Bearing – Single (Requires NZXT RGB Controller for CAM Software) – 18 LEDs – Black",4.1106008186359535,4.5,24.99,24.99,1112.0,No Badge,0.0,16
3036,E-Z Ink Compatible Drum Unit Replacement for Brother DR 820 DR820 DR-820 Compatible with MFC-L5900DW HL-L6200DW HL-L5100DN MFC-L5800DW MFC-L5700DW HL-L5200DWT MFC-L6700DW HL-L5200DW (2 Drum Unit),3.612234161108865,4.3,59.24,59.24,335.0,No Badge,0.0,16
1721,"Avery Printable Greeting Cards with Envelopes, Half-Fold, 5.5"" x 8.5"", Matte White, 30 Blank Greeting Cards for Inkjet Printers (08316)",3.5928104001163965,4.7,22.07,27.33,1460.0,No Badge,19.25,16
6033,Nikon Z f with Special Edition Prime Lens | Full-Frame Mirrorless Stills/Video Camera with Fast 40mm f/2 Lens | Nikon USA Model,3.0761172576414513,4.8,2136.95,2239.95,120.0,No Badge,4.6,16
8059,"UGREEN 45W USB C Charger, Nexode 2 Port GaN Foldable PPS Wall Charger Block Support Samsung Super Fast Charging 2.0 for Galaxy S25/S24/Note 20, iPhone 16/15/14, iPad, MacBook, Steam Deck (Black)",2.597269980713488,4.6,22.99,29.99,6293.0,No Badge,23.34,16
5279,"Lenovo USI Stylus Pen, Chrome OS Support, 4,096 Levels of Pressure Sensitivity, 150 Days Battery Life, AAAA Battery, Works with Chromebook, GX81B10212,Grey",2.3712113974203946,3.9,29.99,43.99,1702.0,No Badge,31.83,16
3890,"Gigabyte Radeon RX 9060 XT Gaming OC 16G Graphics Card - 16GB GDDR6, 128bit, PCI-E 5.0, 3320 MHz Core Clock, 2 x DisplayPort, 1 x HDMI, GV-R9060XTGAMING OC-16GD",2.3441531394510036,4.6,410.0,410.0,118.0,No Badge,0.0,16
874,"ASUS 27” 1080P Video Conferencing Monitor (BE279QFK) - Full HD, IPS, 100Hz, Frameless, Built-in Webcam, Mic Array, Speaker, Height Adjustable, Ergonomic Design, Eye Care, Wall Mountable, 3 yr warranty",2.043800420896694,4.4,271.54,271.54,2025.0,No Badge,0.0,16
6257,"PIONEER A-Series Plus TS-A6971F 6” x 9” 4-Way Speakers (Pair) – 600W Max, Balanced Sound + Smooth Treble, Enhanced Bass, Ideal Factory Upgrade, Installation Adaptors Included",1.9781868287973094,4.6,71.89,109.99,73.0,No Badge,34.64,16
1334,Anker SOLIX Car Charging Cable (Male Car Outlet to Female XT60),1.875284083576994,4.4,34.99,34.99,81.0,No Badge,0.0,16
4917,Kicker 46CXA3604 CXA3604-4x90-Watt 4-Channel Full-Range Amp,2.692219759298419,4.7,206.96,206.96,353.0,No Badge,0.0,17
2172,CISCO DESIGNED Business CBS220-24P-4G Smart Switch | 24 Port GE | PoE | 4x1G SFP | 3-Year Limited Hardware Warranty (CBS220-24P-4G-NA),2.457697430204251,4.5,430.19,451.99,88.0,No Badge,4.82,17
3511,FUJIFILM X-T5 Mirrorless Digital Camera XF16-50mmF2.8-4.8 R LM WR Lens Kit - Silver,2.3959382017886433,4.5,2299.0,2299.0,2.0,No Badge,0.0,17
1935,Blackmagic Design Davinci Resolve Speed Editor Bundle with Davinci Resolve 18 Studio (Activation Card),2.3716306393672646,4.6,475.0,475.0,608.0,No Badge,0.0,17
6930,"SAMSUNG Odyssey G5 Series 27-Inch WQHD (2560x1440) Gaming Monitor, 144Hz, Curved, 1ms, HDMI, Display Port, FreeSync Premium (LC27G55TQWNXZA)",2.1940390178033256,4.4,219.0,219.0,2319.0,No Badge,0.0,17
1752,"BAGSMART 13-14 inch Laptop Case with Handle, Puffy Padded Laptop Bag Sleeve for Women, Portable MacBook Air/Pro Case Compatible with Dell, HP, Lenovo, ASUS, Acer, Huawei Computer, Beige",1.7803111689749742,4.6,24.99,24.99,1075.0,No Badge,0.0,17
791,ASURION 4 Year Housewares Protection Plan ($150 - $174.99),1.749399791765261,4.5,34.99,34.99,3459.0,No Badge,0.0,17
1993,"Brady Authentic (M5C-1500-595-WT-BK) All-Weather Vinyl Labels 1.5 in W x 25ft Black on White. for use with BMP51, M510, and M511 Label Printers.",1.705184870104497,4.4,80.04,80.04,17.0,No Badge,0.0,17
5351,Linksys - AC1900 Dual-Band Wi-Fi 5 Router - Black (Renewed),1.6518564414609715,4.4,29.99,74.93,109.0,No Badge,59.98,17
4071,"HP 2023 17 Laptop, 17.3 Inch FHD Anti-Glare Display, 13th Gen Intel 10-Core i5-1335U(Beat i7-1255U), 16GB RAM, 512GB SSD, Intel Iris Xe Graphics, Backlit Keyboard, Windows 11 Home, Silver",1.6504114076251217,4.2,568.0,568.0,54.0,No Badge,0.0,17
7970,Toshiba 20TB MG10ACA20TE SATA 600GB 20in1 HDD,3.0470022527808256,4.4,349.0,349.0,125.0,No Badge,0.0,18
376,ASURION 2 Year Major Appliance Protection Plan ($600 - $699.99),2.422787481282921,3.9,66.99,66.99,16.0,No Badge,0.0,18
7182,"Sanus Height Adjustable Speaker Stand for Sonos Era 300™ - 17"" Height Adjustment Sonos Stand Includes Carpet Spikes & Rubber Pads - Easy DIY Install Comes w/All Hardware - White",2.251379992033086,4.4,179.99,179.99,45.0,No Badge,0.0,18
5970,"NZXT F120 RGB – 120mm RGB PWM PC Fan – High Airflow, Low Noise – Fluid Dynamic Bearing – Single (Requires NZXT RGB Controller for CAM Software) – 18 LEDs – Black",2.057293068339103,4.5,24.99,24.99,1112.0,No Badge,0.0,18
7343,Sigma 16-28 mm F2.8 DG DN Lens for Sony E Mount,1.9919763731028708,4.6,989.0,989.0,131.0,No Badge,0.0,18
2855,Dell Keyboard,1.8877236016174705,4.8,38.99,38.99,14.0,No Badge,0.0,18
4717,"JBL RallyBar - 21"" Bluetooth Universal Outdoor Vehicle Soundbar with Built-in 150w RMS Amplifier, LED Lights, IP66 Water & Dust Resistant, Black",1.6208499449430018,4.7,879.95,879.95,133.0,No Badge,0.0,18
6930,"SAMSUNG Odyssey G5 Series 27-Inch WQHD (2560x1440) Gaming Monitor, 144Hz, Curved, 1ms, HDMI, Display Port, FreeSync Premium (LC27G55TQWNXZA)",1.4988245124586645,4.4,219.0,219.0,2319.0,No Badge,0.0,18
3841,"Garmin Striker Plus 4 with Dual-Beam Transducer and Protective Cover, 4.3"" LED Display, 1.1 lbs, Fishfinder, Plus 4 Model",1.4911190276136534,4.7,179.99,179.99,288.0,No Badge,0.0,18
8457,Walker's Shooting Ear & Hearing Protection Sport Electronic Bluetooth Rechargeable ATACS Wireless Earbuds,1.4648773209418635,3.6,124.99,124.99,76.0,No Badge,0.0,18
5954,NIKON Z TELECONVERTER TC-1.4X for 1.4X Magnification of Compatible Nikon Z Mirrorless Lenses and Nikon Z Cameras,3.8287546510769115,4.6,479.99,479.99,104.0,No Badge,0.0,19
3036,E-Z Ink Compatible Drum Unit Replacement for Brother DR 820 DR820 DR-820 Compatible with MFC-L5900DW HL-L6200DW HL-L5100DN MFC-L5800DW MFC-L5700DW HL-L5200DWT MFC-L6700DW HL-L5200DW (2 Drum Unit),2.8486998217155355,4.3,59.24,59.24,335.0,No Badge,0.0,19
2540,Celestron – Origin Intelligent Home Observatory – All-in-one Astroimaging and Stargazing Smart Telescope – 6-inch RASA Telescope – Fully-Automated GoTo Mount – User-Friendly – iOS/Android Compatible,2.5634894023681785,4.4,3797.85,3797.85,25.0,No Badge,0.0,19
8616,"acer 2-Pack Laptop Privacy Screen - for Laptop 15.6 Inch 16:9, Magnetic & Removable Privacy Filter Shield, Anti-Glare Screen Protector, Dual-Sided Monitor Shield, for HP, Dell and Other Major Brands",2.4622644262077995,4.5,59.99,59.99,381.0,No Badge,0.0,19
4717,"JBL RallyBar - 21"" Bluetooth Universal Outdoor Vehicle Soundbar with Built-in 150w RMS Amplifier, LED Lights, IP66 Water & Dust Resistant, Black",2.2459957046780077,4.7,879.95,879.95,133.0,No Badge,0.0,19
7182,"Sanus Height Adjustable Speaker Stand for Sonos Era 300™ - 17"" Height Adjustment Sonos Stand Includes Carpet Spikes & Rubber Pads - Easy DIY Install Comes w/All Hardware - White",2.042212877819053,4.4,179.99,179.99,45.0,No Badge,0.0,19
8457,Walker's Shooting Ear & Hearing Protection Sport Electronic Bluetooth Rechargeable ATACS Wireless Earbuds,2.0218483891449845,3.6,124.99,124.99,76.0,No Badge,0.0,19
6033,Nikon Z f with Special Edition Prime Lens | Full-Frame Mirrorless Stills/Video Camera with Fast 40mm f/2 Lens | Nikon USA Model,2.000521568325603,4.8,2136.95,2239.95,120.0,No Badge,4.6,19
7562,"Sony Wi-Xb400 Headphones Wireless Neck-Band Calls/Music USB, W128298864 (Neck-Band Calls/Music USB Type-C Bluetooth Black)",1.9893004033277863,4.0,47.99,47.99,4433.0,No Badge,0.0,19
7139,"SanDisk 32GB Ultra SDHC UHS-I Class 10 Camera Card 120MB/s U1, Full HD, SD. C10 SDSDUN4-032G (10 Pack) Bundle with (1) GoRAM USB 3.0 Reader (32GB)",1.873095240346855,4.9,76.99,76.99,39.0,No Badge,0.0,19
1881,"Belkin MagSafe-Compatible Charger, 3-in-1 Wireless Charging Station, Qi2-Certified 15W Wireless Charge for Apple iPhone 16 Series, Apple Watch, AirPods w/Non-Slip Base, 40W Included - Black",3.348700752252437,4.4,119.99,119.99,3520.0,No Badge,0.0,20
3596,"Fujifilm Instax Mini 100 Film for Fuji 7S 8 25 50S 90 300 Instant Camera, Share SP-1 White, Pack of 5",2.102894438617963,4.8,118.99,118.99,1895.0,No Badge,0.0,20
7356,"Simple Houseware Mesh Laptop Stand with 11-Levels Adjustable Ventilated Computer Holder, Black",1.9850136020499118,4.7,16.87,16.87,5205.0,No Badge,0.0,20
4244,"HP 711 Yellow 29-ml Genuine Ink Cartridge (CZ132A) for DesignJet T530, T525, T520, T130, T125, T120 & T100 Large Format Plotter Printers",1.9695577626356537,4.6,42.99,42.99,1044.0,No Badge,0.0,20
4352,"HP Elitebook 650 G10 15 15.6"" FHD Business Laptop Computer, 13th Gen Intel 10-Core i7-1355U, 64GB DDR4 RAM, 2TB PCIe SSD, WiFi 6E, BT5.3, Backlit Keyboard, Fingerprint Reader, Windows 11 Pro, AZ-XUT",1.7445647132268256,4.4,1229.0,1299.0,54.0,No Badge,5.39,20
7139,"SanDisk 32GB Ultra SDHC UHS-I Class 10 Camera Card 120MB/s U1, Full HD, SD. C10 SDSDUN4-032G (10 Pack) Bundle with (1) GoRAM USB 3.0 Reader (32GB)",1.7410693435942213,4.9,76.99,76.99,39.0,No Badge,0.0,20
6257,"PIONEER A-Series Plus TS-A6971F 6” x 9” 4-Way Speakers (Pair) – 600W Max, Balanced Sound + Smooth Treble, Enhanced Bass, Ideal Factory Upgrade, Installation Adaptors Included",1.6506920371169735,4.6,71.89,109.99,73.0,No Badge,34.64,20
694,ASURION 3 Year Luggage Protection Plan ($200 - $249.99),1.636788175871882,4.6,33.99,33.99,83.0,No Badge,0.0,20
5634,"MUDDY Hunt Hard Compact Durable Aluminum Lightweight Ergonomic Portable Easy-to-Install Silent Outdoor Camera Arm | 24"" Reach with Over 5 Points of Adjustment",1.5407823068220465,4.3,64.24,64.24,381.0,No Badge,0.0,20
8059,"UGREEN 45W USB C Charger, Nexode 2 Port GaN Foldable PPS Wall Charger Block Support Samsung Super Fast Charging 2.0 for Galaxy S25/S24/Note 20, iPhone 16/15/14, iPad, MacBook, Steam Deck (Black)",1.463965678317532,4.6,22.99,29.99,6293.0,No Badge,23.34,20
3438,"Epson Premium Presentation Paper MATTE (8x10 Inches, 50 Sheets) (S041467),Bright White",3.5976389101991946,4.5,12.5,14.29,457.0,No Badge,12.53,21
6373,"Peak Design Slide Lite Camera Strap, Black, Configurable as a Sling, Neck or Shoulder Strap, Quick Release and Connection, Smooth and Grippy Side, Camera Straps for Photographers, 200 lb Capacity",2.889902757500292,4.7,69.95,69.95,7235.0,No Badge,0.0,21
3596,"Fujifilm Instax Mini 100 Film for Fuji 7S 8 25 50S 90 300 Instant Camera, Share SP-1 White, Pack of 5",2.7588055965014173,4.8,118.99,118.99,1895.0,No Badge,0.0,21
1881,"Belkin MagSafe-Compatible Charger, 3-in-1 Wireless Charging Station, Qi2-Certified 15W Wireless Charge for Apple iPhone 16 Series, Apple Watch, AirPods w/Non-Slip Base, 40W Included - Black",2.6895152667449627,4.4,119.99,119.99,3520.0,No Badge,0.0,21
4352,"HP Elitebook 650 G10 15 15.6"" FHD Business Laptop Computer, 13th Gen Intel 10-Core i7-1355U, 64GB DDR4 RAM, 2TB PCIe SSD, WiFi 6E, BT5.3, Backlit Keyboard, Fingerprint Reader, Windows 11 Pro, AZ-XUT",2.197692871974675,4.4,1229.0,1299.0,54.0,No Badge,5.39,21
87,"AKG Pro Audio K371 Wired Over-Ear, Closed-Back, Foldable Professional Recording Studio Headphones, Studio Monitor Mixing, Podcast, DJ Stereo Headsets, Black",2.1605302860056748,4.2,144.99,185.0,832.0,No Badge,21.63,21
376,ASURION 2 Year Major Appliance Protection Plan ($600 - $699.99),2.1482897186363523,3.9,66.99,66.99,16.0,No Badge,0.0,21
4196,"HP 58X Black High-Yield Toner Cartridge 2-Pack | Original Cartridge | Compatible Laserjet Enterprise M406dn, Enterprise MFP M430f, Pro M404 Series, M428 Series | CF258X | Each Cartridge",2.0079326481799056,4.5,611.89,611.89,381.0,No Badge,0.0,21
6301,Pacsafe Vibe 325 Anti Theft Crossbody Casual Daypack,1.9361944334642671,4.5,129.94,129.94,376.0,No Badge,0.0,21
2264,"Canon CLI-251XL Genuine Yellow Ink Tank, Compatible with MG6320, IP7220 & MG5420, MX922, MG5520, MG6420, MG7120, iX6820, iP8720, MG7520, MG6620, and MG5620 Printers",1.9250435557337782,4.8,21.99,23.99,944.0,No Badge,8.34,21
2540,Celestron – Origin Intelligent Home Observatory – All-in-one Astroimaging and Stargazing Smart Telescope – 6-inch RASA Telescope – Fully-Automated GoTo Mount – User-Friendly – iOS/Android Compatible,2.5658027039168636,4.4,3797.85,3797.85,25.0,No Badge,0.0,22
783,ASURION 4 Year Home Improvement Protection Plan ($600 - $699.99),2.107479667295804,4.4,93.99,93.99,613.0,No Badge,0.0,22
8292,"VIVO Magnetic 13 to 34 inch Monitor Mount for Steel Surfaces, Holds up to 17.6 lbs on Surfaces Over 1.5mm Thick, Black, MOUNT-MAG01",1.9724274844259333,4.9,39.99,39.99,26.0,No Badge,0.0,22
1334,Anker SOLIX Car Charging Cable (Male Car Outlet to Female XT60),1.9455122430318101,4.4,34.99,34.99,81.0,No Badge,0.0,22
5970,"NZXT F120 RGB – 120mm RGB PWM PC Fan – High Airflow, Low Noise – Fluid Dynamic Bearing – Single (Requires NZXT RGB Controller for CAM Software) – 18 LEDs – Black",1.8508178431495579,4.5,24.99,24.99,1112.0,No Badge,0.0,22
3022,Duracell Precharged Recharg. Battery AA (Pack of 2),1.7123569188992358,4.5,25.99,25.99,317.0,No Badge,0.0,22
4542,Humminbird LakeMaster Premium Minnesota V1 Map SD Card for Fish Finders,1.6293679566049284,4.6,156.84,199.99,66.0,No Badge,21.58,22
90,"AMD Ryzen 5 3400G 4-core, 8-Thread Unlocked Desktop Processor with Radeon RX Graphics",1.6224934082779001,4.7,77.0,87.78,6862.0,No Badge,12.28,22
1957,"Bose Headphones 700, Noise Cancelling Bluetooth Over-Ear Wireless Headphones with Built-in Microphone for Clear Calls and Alexa Voice Control, Black",1.598549567101971,4.5,79.99,85.99,36499.0,No Badge,0.0,22
7185,"Sanus Wireless Speaker Stands for Sonos ERA 300™ (Black) - Pair, Perfect Stand Setup for Easy and Secure Mounting of New Sonos Era 300™ Speakers - OSSE32-B2",1.5471853434703475,4.7,199.99,199.99,209.0,No Badge,0.0,22
4917,Kicker 46CXA3604 CXA3604-4x90-Watt 4-Channel Full-Range Amp,2.536424937540496,4.7,206.96,206.96,353.0,No Badge,0.0,23
6033,Nikon Z f with Special Edition Prime Lens | Full-Frame Mirrorless Stills/Video Camera with Fast 40mm f/2 Lens | Nikon USA Model,2.199361576181688,4.8,2136.95,2239.95,120.0,No Badge,4.6,23
4441,"HP ScanJet Pro 3000 s4 (6FW07A) 40ppm USB 3.0 Color Duplex Scanner with 50-page ADF for Documents, Photos, Receipts, and Cards. TWAIN/ISIS drivers included",1.99531676185627,3.7,216.66,216.66,76.0,No Badge,0.0,23
90,"AMD Ryzen 5 3400G 4-core, 8-Thread Unlocked Desktop Processor with Radeon RX Graphics",1.7723387325041933,4.7,77.0,87.78,6862.0,No Badge,12.28,23
3354,"Energizer MAX AA Batteries (16 Pack), Double A Alkaline Batteries",1.7242077621129628,4.8,16.19,16.19,172.0,No Badge,0.0,23
5828,Motorola 56531 Multi Unit Charger / Cloning Station,1.6060478011018424,4.3,199.99,199.99,105.0,No Badge,0.0,23
4031,"HP 14 inch Laptop, HD Display, Intel Core i3-1215U, 8 GB RAM, 256 GB SSD, Intel UHD Graphics, Windows 11 Home in S Mode, Natural Silver, 14-dq5009nr",1.6056367114621226,4.4,289.99,289.99,692.0,No Badge,0.0,23
4071,"HP 2023 17 Laptop, 17.3 Inch FHD Anti-Glare Display, 13th Gen Intel 10-Core i5-1335U(Beat i7-1255U), 16GB RAM, 512GB SSD, Intel Iris Xe Graphics, Backlit Keyboard, Windows 11 Home, Silver",1.5679881804242632,4.2,568.0,568.0,54.0,No Badge,0.0,23
5351,Linksys - AC1900 Dual-Band Wi-Fi 5 Router - Black (Renewed),1.5328197264875123,4.4,29.99,74.93,109.0,No Badge,59.98,23
8413,"WAVLINK AX1800 Outdoor WiFi Extender Long Range, Weatherproof WiFi Signal Booster Outdoor with POE, Dual Band 2.4/5GHz, Support AP/Repeater/Router Mode for Farm",1.517494807993503,4.3,159.99,159.99,24.0,No Badge,0.0,23
694,ASURION 3 Year Luggage Protection Plan ($200 - $249.99),3.257126819694076,4.6,33.99,33.99,83.0,No Badge,0.0,24
3354,"Energizer MAX AA Batteries (16 Pack), Double A Alkaline Batteries",2.707540307751013,4.8,16.19,16.19,172.0,No Badge,0.0,24
1092,"Alpine S2-S65 - Next-Generation S-Series 6.5"" Coaxial Speaker Set",2.1575094544818785,4.6,149.95,149.95,97.0,No Badge,0.0,24
3000,"Duracell Coppertop AA Batteries with Power Boost Ingredients, 28 Count Pack Double A Battery with Long-lasting Power, Alkaline AA Battery for Household and Office Devices",2.0548434275711527,4.8,22.25,25.49,27783.0,No Badge,12.71,24
3511,FUJIFILM X-T5 Mirrorless Digital Camera XF16-50mmF2.8-4.8 R LM WR Lens Kit - Silver,1.796551232936234,4.5,2299.0,2299.0,2.0,No Badge,0.0,24
791,ASURION 4 Year Housewares Protection Plan ($150 - $174.99),1.7805322209561967,4.5,34.99,34.99,3459.0,No Badge,0.0,24
5960,"NOCO NUSB211NA 10W USB Power Adapter, 2.1A 5V Wall Charger and Compatible, Apple, Samsung, Google, Amazon Devices",1.6841820493460418,4.7,9.95,9.95,5591.0,No Badge,0.0,24
1693,"Avery Customizable Name Tags, 2-1/3"" x 3-3/8"", White with Red Border, 100 Removable Name Badges (05143)",1.647523103791017,4.8,7.29,7.29,5525.0,No Badge,0.0,24
60,"A better mix of precision and comfort with scrolling designed for Web use. - LOGITECH, INC. M325 Wireless Mouse, Right/Left, Blue",1.6463433414339503,4.6,13.99,13.99,906.0,No Badge,0.0,24
7548,Sony WF-1000XM5 Truly Wireless Noise Canceling Earbuds (Black),1.5160055571735358,4.0,213.0,213.0,2980.0,No Badge,0.0,24
1092,"Alpine S2-S65 - Next-Generation S-Series 6.5"" Coaxial Speaker Set",2.5710669527823566,4.6,149.95,149.95,97.0,No Badge,0.0,25
7288,Sennheiser HD 25 Monitor Headphones with Headphone Case & Padded Holder Bundle,2.5193409771826696,4.3,149.95,149.95,93.0,No Badge,0.0,25
8059,"UGREEN 45W USB C Charger, Nexode 2 Port GaN Foldable PPS Wall Charger Block Support Samsung Super Fast Charging 2.0 for Galaxy S25/S24/Note 20, iPhone 16/15/14, iPad, MacBook, Steam Deck (Black)",2.158201772562504,4.6,22.99,29.99,6293.0,No Badge,23.34,25
602,ASURION 3 Year Furniture Protection Plan ($800 - $899.99),2.1261722521441784,4.5,169.99,169.99,381.0,No Badge,0.0,25
1331,"Anker Power Bank, 20,000mAh Travel Essential Portable Charger with Built-in USB-C Cable, 3-Port 87W Max Fast Charging Battery Pack, for MacBook, iPhone 16/15 Series, Samsung, Switch, and More",2.055566672545267,4.6,79.99,85.99,3535.0,No Badge,0.0,25
1721,"Avery Printable Greeting Cards with Envelopes, Half-Fold, 5.5"" x 8.5"", Matte White, 30 Blank Greeting Cards for Inkjet Printers (08316)",2.0101699989118442,4.7,22.07,27.33,1460.0,No Badge,19.25,25
4352,"HP Elitebook 650 G10 15 15.6"" FHD Business Laptop Computer, 13th Gen Intel 10-Core i7-1355U, 64GB DDR4 RAM, 2TB PCIe SSD, WiFi 6E, BT5.3, Backlit Keyboard, Fingerprint Reader, Windows 11 Pro, AZ-XUT",1.8936196041343205,4.4,1229.0,1299.0,54.0,No Badge,5.39,25
2234,CR 2016 MAXELL LITHIUM BATTERIES (2 piece) 3V Watch 2016 New,1.8113040833017542,4.6,3.98,3.98,1320.0,No Badge,0.0,25
7533,"Sony SRS-XP700 X-Series Wireless Portable-BLUETOOTH-Karaoke Party-Speaker IPX4 Splash-resistant with 25 Hour-Battery,Black",1.763664026997692,4.6,337.0,337.0,1315.0,No Badge,0.0,25
6301,Pacsafe Vibe 325 Anti Theft Crossbody Casual Daypack,1.7441677902200396,4.5,129.94,129.94,376.0,No Badge,0.0,25
5954,NIKON Z TELECONVERTER TC-1.4X for 1.4X Magnification of Compatible Nikon Z Mirrorless Lenses and Nikon Z Cameras,3.0294145426457666,4.6,479.99,479.99,104.0,No Badge,0.0,26
1782,"BCW Vinyl Record Storage Boxes – 10 Pack | Holds 65 LPs Each | Stackable Vinyl Record Storage Box with Reinforced Bottom & Handles | Archival Record Organizer for 12-Inch Albums, DJs & Collectors",2.533567628597925,4.6,93.99,93.99,340.0,No Badge,0.0,26
5634,"MUDDY Hunt Hard Compact Durable Aluminum Lightweight Ergonomic Portable Easy-to-Install Silent Outdoor Camera Arm | 24"" Reach with Over 5 Points of Adjustment",2.5019118178281112,4.3,64.24,64.24,381.0,No Badge,0.0,26
7533,"Sony SRS-XP700 X-Series Wireless Portable-BLUETOOTH-Karaoke Party-Speaker IPX4 Splash-resistant with 25 Hour-Battery,Black",2.4129279767112326,4.6,337.0,337.0,1315.0,No Badge,0.0,26
3438,"Epson Premium Presentation Paper MATTE (8x10 Inches, 50 Sheets) (S041467),Bright White",2.0360477132849066,4.5,12.5,14.29,457.0,No Badge,12.53,26
7139,"SanDisk 32GB Ultra SDHC UHS-I Class 10 Camera Card 120MB/s U1, Full HD, SD. C10 SDSDUN4-032G (10 Pack) Bundle with (1) GoRAM USB 3.0 Reader (32GB)",1.943050689591431,4.9,76.99,76.99,39.0,No Badge,0.0,26
1993,"Brady Authentic (M5C-1500-595-WT-BK) All-Weather Vinyl Labels 1.5 in W x 25ft Black on White. for use with BMP51, M510, and M511 Label Printers.",1.9278543310208487,4.4,80.04,80.04,17.0,No Badge,0.0,26
4917,Kicker 46CXA3604 CXA3604-4x90-Watt 4-Channel Full-Range Amp,1.8399905656702609,4.7,206.96,206.96,353.0,No Badge,0.0,26
8059,"UGREEN 45W USB C Charger, Nexode 2 Port GaN Foldable PPS Wall Charger Block Support Samsung Super Fast Charging 2.0 for Galaxy S25/S24/Note 20, iPhone 16/15/14, iPad, MacBook, Steam Deck (Black)",1.7949684806382475,4.6,22.99,29.99,6293.0,No Badge,23.34,26
3596,"Fujifilm Instax Mini 100 Film for Fuji 7S 8 25 50S 90 300 Instant Camera, Share SP-1 White, Pack of 5",1.6659844442471672,4.8,118.99,118.99,1895.0,No Badge,0.0,26
3511,FUJIFILM X-T5 Mirrorless Digital Camera XF16-50mmF2.8-4.8 R LM WR Lens Kit - Silver,2.2451035605048504,4.5,2299.0,2299.0,2.0,No Badge,0.0,27
90,"AMD Ryzen 5 3400G 4-core, 8-Thread Unlocked Desktop Processor with Radeon RX Graphics",1.8858398153953069,4.7,77.0,87.78,6862.0,No Badge,12.28,27
5011,"Kuryakyn 2720 MTX Road Thunder Weather Resistant Motorcycle Sound Bar Plus: 300 Watt Handlebar Mounted Audio Speakers with Bluetooth, USB Power Charger, Satin Black",1.873841681061025,4.2,579.99,579.99,1845.0,No Badge,0.0,27
7182,"Sanus Height Adjustable Speaker Stand for Sonos Era 300™ - 17"" Height Adjustment Sonos Stand Includes Carpet Spikes & Rubber Pads - Easy DIY Install Comes w/All Hardware - White",1.8621987454913935,4.4,179.99,179.99,45.0,No Badge,0.0,27
5692,Meta Quest 2 — Advanced All-In-One Virtual Reality Headset — 256 GB,1.7161850993282417,4.7,224.0,224.0,21939.0,No Badge,0.0,27
6645,"RCA 10.1"" WiFi Digital Picture Frame Uhale App Photo Frames Electronic HD IPS Touch Screen Display with 32GB Memory LED Lights, Support USB/SD Card, Slideshow, Instantly Share Photos Videos",1.690626838330405,4.0,59.99,79.99,5.0,No Badge,25.0,27
2256,"Canon CLI-251 Genuine 5 Color Value Pack, Compatible with MG7520, MG5620, and MG6620 Printers",1.6669948366897376,4.6,69.95,74.99,1314.0,No Badge,6.72,27
791,ASURION 4 Year Housewares Protection Plan ($150 - $174.99),1.4658263015102821,4.5,34.99,34.99,3459.0,No Badge,0.0,27
171,"ARKON Mounts - Camera Wall Mount Robust Aluminum Construction Easy Installation Precision adjustments to capture any angle Great security camera mount for CCTV cameras, camcorders, and more",1.4489582871849365,4.6,31.05,49.95,1138.0,No Badge,37.84,27
2237,Canon 10x42 L is WP Image Stabilized Binoculars,1.4096147727577777,4.4,1229.0,1229.0,219.0,No Badge,0.0,27
3438,"Epson Premium Presentation Paper MATTE (8x10 Inches, 50 Sheets) (S041467),Bright White",4.365398994238052,4.5,12.5,14.29,457.0,No Badge,12.53,28
2847,"Dell Inspiron 15 3511 15.6 Inch Laptop, Full HD LED Non-Touch WVA Display - Intel Core i3-1115G4, 8GB DDR4 RAM, 256GB SSD, UHD Graphics, Windows 11 Home - Carbon Black",3.618987894662871,4.2,369.0,369.0,507.0,Amazon's,0.0,28
3674,G.SKILL Trident Z5 Neo RGB Series (AMD Expo) DDR5 RAM 64GB (2X 32GB) 6000MT/s CL26-36-36-96 1.45V Desktop Computer Memory U-DIMM - Black (F5-6000J2636H32GX2-TZ5NR),2.453238305384021,5.0,356.39,356.39,24.0,No Badge,0.0,28
4897,"Kensington SD5000T5 Thunderbolt 5 Docking Station – Dual Display for MacBooks M1/M2/M3/M4 Pro and Max; Triple Display for Windows TB5; TB4 Compatible, 140W Power Delivery (K35201NA)",2.2703922882004184,3.8,263.99,389.99,86.0,No Badge,32.31,28
6373,"Peak Design Slide Lite Camera Strap, Black, Configurable as a Sling, Neck or Shoulder Strap, Quick Release and Connection, Smooth and Grippy Side, Camera Straps for Photographers, 200 lb Capacity",2.1452431214581367,4.7,69.95,69.95,7235.0,No Badge,0.0,28
2996,"Duracell Coppertop 9V Battery, 6 Count (Pack of 1), 9 Volt Battery with Long-lasting Power, All-Purpose Alkaline 9V Battery for Household and Office Devices",1.8760061938787864,4.8,25.47,25.47,5207.0,No Badge,0.0,28
1957,"Bose Headphones 700, Noise Cancelling Bluetooth Over-Ear Wireless Headphones with Built-in Microphone for Clear Calls and Alexa Voice Control, Black",1.8696203949105499,4.5,79.99,85.99,36499.0,No Badge,0.0,28
5011,"Kuryakyn 2720 MTX Road Thunder Weather Resistant Motorcycle Sound Bar Plus: 300 Watt Handlebar Mounted Audio Speakers with Bluetooth, USB Power Charger, Satin Black",1.8044026777540374,4.2,579.99,579.99,1845.0,No Badge,0.0,28
4196,"HP 58X Black High-Yield Toner Cartridge 2-Pack | Original Cartridge | Compatible Laserjet Enterprise M406dn, Enterprise MFP M430f, Pro M404 Series, M428 Series | CF258X | Each Cartridge",1.7613038583655871,4.5,611.89,611.89,381.0,No Badge,0.0,28
5523,Lume Cube RGB Tube Light Mini for Photo & Video | RGBWW Full Color Tube Light | Bluetooth App Controlled | Millions of Colors | Aluminum Durable Design | 97+ CRI,1.6471643408012209,4.9,169.99,169.99,29.0,No Badge,0.0,28
783,ASURION 4 Year Home Improvement Protection Plan ($600 - $699.99),2.716353952367477,4.4,93.99,93.99,613.0,No Badge,0.0,29
5955,NIKON Z TELECONVERTER TC-2.0X for 2.0X Magnification of Compatible Nikon Z Mirrorless Lenses and Nikon Z Cameras,2.199674014333357,4.2,599.95,599.95,186.0,No Badge,0.0,29
6554,"PowerA Wired Stereo Headset for Nintendo Switch - Fortnite Llambro, Officially Licensed, Bonus Virtual Item Included",2.197779380535653,4.5,15.99,29.99,319.0,No Badge,46.68,29
2847,"Dell Inspiron 15 3511 15.6 Inch Laptop, Full HD LED Non-Touch WVA Display - Intel Core i3-1115G4, 8GB DDR4 RAM, 256GB SSD, UHD Graphics, Windows 11 Home - Carbon Black",2.1908228161241152,4.2,369.0,369.0,507.0,Amazon's,0.0,29
791,ASURION 4 Year Housewares Protection Plan ($150 - $174.99),2.1258148874924,4.5,34.99,34.99,3459.0,No Badge,0.0,29
2256,"Canon CLI-251 Genuine 5 Color Value Pack, Compatible with MG7520, MG5620, and MG6620 Printers",2.0029117831253536,4.6,69.95,74.99,1314.0,No Badge,6.72,29
4441,"HP ScanJet Pro 3000 s4 (6FW07A) 40ppm USB 3.0 Color Duplex Scanner with 50-page ADF for Documents, Photos, Receipts, and Cards. TWAIN/ISIS drivers included",1.9951988985669808,3.7,216.66,216.66,76.0,No Badge,0.0,29
5828,Motorola 56531 Multi Unit Charger / Cloning Station,1.9938307145509495,4.3,199.99,199.99,105.0,No Badge,0.0,29
2183,"CORSAIR HS55 WIRELESS Multiplatform Lightweight Gaming Headset With Bluetooth - Dolby 7.1 Surround Sound - iCUE Compatible - PC, PS5, PS4, Nintendo Switch, Mobile - Black",1.9523219260385802,4.0,79.99,99.99,4394.0,No Badge,20.0,29
1101,"AmScope UHM210 Series 1080p 2.0MP HDMI Digital Microscope on 11"" Articulating Arm",1.8865470609854678,4.2,400.99,400.99,6.0,No Badge,0.0,29
7343,Sigma 16-28 mm F2.8 DG DN Lens for Sony E Mount,2.8604734000549983,4.6,989.0,989.0,131.0,No Badge,0.0,30
2540,Celestron – Origin Intelligent Home Observatory – All-in-one Astroimaging and Stargazing Smart Telescope – 6-inch RASA Telescope – Fully-Automated GoTo Mount – User-Friendly – iOS/Android Compatible,2.3828847971102984,4.4,3797.85,3797.85,25.0,No Badge,0.0,30
7182,"Sanus Height Adjustable Speaker Stand for Sonos Era 300™ - 17"" Height Adjustment Sonos Stand Includes Carpet Spikes & Rubber Pads - Easy DIY Install Comes w/All Hardware - White",2.2494906244356168,4.4,179.99,179.99,45.0,No Badge,0.0,30
7139,"SanDisk 32GB Ultra SDHC UHS-I Class 10 Camera Card 120MB/s U1, Full HD, SD. C10 SDSDUN4-032G (10 Pack) Bundle with (1) GoRAM USB 3.0 Reader (32GB)",2.0294688479407896,4.9,76.99,76.99,39.0,No Badge,0.0,30
5954,NIKON Z TELECONVERTER TC-1.4X for 1.4X Magnification of Compatible Nikon Z Mirrorless Lenses and Nikon Z Cameras,1.9683823043094737,4.6,479.99,479.99,104.0,No Badge,0.0,30
4717,"JBL RallyBar - 21"" Bluetooth Universal Outdoor Vehicle Soundbar with Built-in 150w RMS Amplifier, LED Lights, IP66 Water & Dust Resistant, Black",1.8955954052871529,4.7,879.95,879.95,133.0,No Badge,0.0,30
7533,"Sony SRS-XP700 X-Series Wireless Portable-BLUETOOTH-Karaoke Party-Speaker IPX4 Splash-resistant with 25 Hour-Battery,Black",1.8273029202779831,4.6,337.0,337.0,1315.0,No Badge,0.0,30
3000,"Duracell Coppertop AA Batteries with Power Boost Ingredients, 28 Count Pack Double A Battery with Long-lasting Power, Alkaline AA Battery for Household and Office Devices",1.7977136414475468,4.8,22.25,25.49,27783.0,No Badge,12.71,30
171,"ARKON Mounts - Camera Wall Mount Robust Aluminum Construction Easy Installation Precision adjustments to capture any angle Great security camera mount for CCTV cameras, camcorders, and more",1.7455394128678838,4.6,31.05,49.95,1138.0,No Badge,37.84,30
2855,Dell Keyboard,1.6821502586260093,4.8,38.99,38.99,14.0,No Badge,0.0,30
3432,"Epson LabelWorks Standard LK (Replaces LC) Tape Cartridge ~1/2"" Black on White (LK-4WBN) - for use with LabelWorks LW-300, LW-400, LW-600P and LW-700 Label Printers",2.2756865957997414,4.6,13.96,14.99,801.0,No Badge,6.87,31
7356,"Simple Houseware Mesh Laptop Stand with 11-Levels Adjustable Ventilated Computer Holder, Black",1.9483993431064663,4.7,16.87,16.87,5205.0,No Badge,0.0,31
2847,"Dell Inspiron 15 3511 15.6 Inch Laptop, Full HD LED Non-Touch WVA Display - Intel Core i3-1115G4, 8GB DDR4 RAM, 256GB SSD, UHD Graphics, Windows 11 Home - Carbon Black",1.928864221211958,4.2,369.0,369.0,507.0,Amazon's,0.0,31
5394,"Logitech G Astro A30 LIGHTSPEED Wireless Gaming Headset - Bluetooth, Dolby Atmos/3D Audio compatible, Detachable Boom, 27hr battery, for Xbox, Nintendo Switch, PC, Android",1.775211142294264,3.8,127.32,127.32,1182.0,No Badge,0.0,31
7288,Sennheiser HD 25 Monitor Headphones with Headphone Case & Padded Holder Bundle,1.7671654176946652,4.3,149.95,149.95,93.0,No Badge,0.0,31
4897,"Kensington SD5000T5 Thunderbolt 5 Docking Station – Dual Display for MacBooks M1/M2/M3/M4 Pro and Max; Triple Display for Windows TB5; TB4 Compatible, 140W Power Delivery (K35201NA)",1.734227770209727,3.8,263.99,389.99,86.0,No Badge,32.31,31
4500,"Hello Kitty 2-in-1 Wireless Bluetooth Headphones with Wired Earbuds – Foldable Over-Ear Headset with Built-in Mic, AUX Cable, Adjustable Headband, and Onboard Controls – Kuromi",1.7054826934648422,3.2,29.99,29.99,84.0,No Badge,0.0,31
1752,"BAGSMART 13-14 inch Laptop Case with Handle, Puffy Padded Laptop Bag Sleeve for Women, Portable MacBook Air/Pro Case Compatible with Dell, HP, Lenovo, ASUS, Acer, Huawei Computer, Beige",1.7018561287015481,4.6,24.99,24.99,1075.0,No Badge,0.0,31
8616,"acer 2-Pack Laptop Privacy Screen - for Laptop 15.6 Inch 16:9, Magnetic & Removable Privacy Filter Shield, Anti-Glare Screen Protector, Dual-Sided Monitor Shield, for HP, Dell and Other Major Brands",1.6975929528936693,4.5,59.99,59.99,381.0,No Badge,0.0,31
191,"ASRock AMD B850 Steel Legend WiFi 7 Socket AM5 Ryzen 9000, 8000 and 7000 Series DDR5 up to 8000+ (OC) MHz 256GB ATX Motherboard M.2 SATA3 6.0 Gb/s PCIe 5.0 1 HDMI",1.687768517114074,4.4,205.49,205.49,35.0,No Badge,0.0,31
7840,"TRX Training 6 Month On-Demand Membership - Unlimited Access to Expert-Led Workouts, Personalized Programs, Strength, Cardio & Recovery - Train Anytime",2.9072568732999655,4.7,49.95,49.95,8.0,No Badge,0.0,32
7139,"SanDisk 32GB Ultra SDHC UHS-I Class 10 Camera Card 120MB/s U1, Full HD, SD. C10 SDSDUN4-032G (10 Pack) Bundle with (1) GoRAM USB 3.0 Reader (32GB)",2.2520172968691767,4.9,76.99,76.99,39.0,No Badge,0.0,32
1782,"BCW Vinyl Record Storage Boxes – 10 Pack | Holds 65 LPs Each | Stackable Vinyl Record Storage Box with Reinforced Bottom & Handles | Archival Record Organizer for 12-Inch Albums, DJs & Collectors",2.2217646177450914,4.6,93.99,93.99,340.0,No Badge,0.0,32
7356,"Simple Houseware Mesh Laptop Stand with 11-Levels Adjustable Ventilated Computer Holder, Black",2.0509222610835844,4.7,16.87,16.87,5205.0,No Badge,0.0,32
7182,"Sanus Height Adjustable Speaker Stand for Sonos Era 300™ - 17"" Height Adjustment Sonos Stand Includes Carpet Spikes & Rubber Pads - Easy DIY Install Comes w/All Hardware - White",1.990070120971125,4.4,179.99,179.99,45.0,No Badge,0.0,32
783,ASURION 4 Year Home Improvement Protection Plan ($600 - $699.99),1.9804310959894287,4.4,93.99,93.99,613.0,No Badge,0.0,32
3438,"Epson Premium Presentation Paper MATTE (8x10 Inches, 50 Sheets) (S041467),Bright White",1.9627740675066707,4.5,12.5,14.29,457.0,No Badge,12.53,32
1331,"Anker Power Bank, 20,000mAh Travel Essential Portable Charger with Built-in USB-C Cable, 3-Port 87W Max Fast Charging Battery Pack, for MacBook, iPhone 16/15 Series, Samsung, Switch, and More",1.809301837403137,4.6,79.99,85.99,3535.0,No Badge,0.0,32
6301,Pacsafe Vibe 325 Anti Theft Crossbody Casual Daypack,1.724817161849734,4.5,129.94,129.94,376.0,No Badge,0.0,32
3000,"Duracell Coppertop AA Batteries with Power Boost Ingredients, 28 Count Pack Double A Battery with Long-lasting Power, Alkaline AA Battery for Household and Office Devices",1.6561121168887893,4.8,22.25,25.49,27783.0,No Badge,12.71,32
5692,Meta Quest 2 — Advanced All-In-One Virtual Reality Headset — 256 GB,2.819576914586239,4.7,224.0,224.0,21939.0,No Badge,0.0,33
1881,"Belkin MagSafe-Compatible Charger, 3-in-1 Wireless Charging Station, Qi2-Certified 15W Wireless Charge for Apple iPhone 16 Series, Apple Watch, AirPods w/Non-Slip Base, 40W Included - Black",2.7848984384784865,4.4,119.99,119.99,3520.0,No Badge,0.0,33
5970,"NZXT F120 RGB – 120mm RGB PWM PC Fan – High Airflow, Low Noise – Fluid Dynamic Bearing – Single (Requires NZXT RGB Controller for CAM Software) – 18 LEDs – Black",2.3725032581347065,4.5,24.99,24.99,1112.0,No Badge,0.0,33
2996,"Duracell Coppertop 9V Battery, 6 Count (Pack of 1), 9 Volt Battery with Long-lasting Power, All-Purpose Alkaline 9V Battery for Household and Office Devices",2.1709907717641306,4.8,25.47,25.47,5207.0,No Badge,0.0,33
3511,FUJIFILM X-T5 Mirrorless Digital Camera XF16-50mmF2.8-4.8 R LM WR Lens Kit - Silver,2.0122871482269695,4.5,2299.0,2299.0,2.0,No Badge,0.0,33
60,"A better mix of precision and comfort with scrolling designed for Web use. - LOGITECH, INC. M325 Wireless Mouse, Right/Left, Blue",1.9862379921673265,4.6,13.99,13.99,906.0,No Badge,0.0,33
3036,E-Z Ink Compatible Drum Unit Replacement for Brother DR 820 DR820 DR-820 Compatible with MFC-L5900DW HL-L6200DW HL-L5100DN MFC-L5800DW MFC-L5700DW HL-L5200DWT MFC-L6700DW HL-L5200DW (2 Drum Unit),1.8665582930795124,4.3,59.24,59.24,335.0,No Badge,0.0,33
4352,"HP Elitebook 650 G10 15 15.6"" FHD Business Laptop Computer, 13th Gen Intel 10-Core i7-1355U, 64GB DDR4 RAM, 2TB PCIe SSD, WiFi 6E, BT5.3, Backlit Keyboard, Fingerprint Reader, Windows 11 Pro, AZ-XUT",1.8015454878545683,4.4,1229.0,1299.0,54.0,No Badge,5.39,33
1993,"Brady Authentic (M5C-1500-595-WT-BK) All-Weather Vinyl Labels 1.5 in W x 25ft Black on White. for use with BMP51, M510, and M511 Label Printers.",1.787177224094098,4.4,80.04,80.04,17.0,No Badge,0.0,33
4542,Humminbird LakeMaster Premium Minnesota V1 Map SD Card for Fish Finders,1.7776759439674013,4.6,156.84,199.99,66.0,No Badge,21.58,33
6033,Nikon Z f with Special Edition Prime Lens | Full-Frame Mirrorless Stills/Video Camera with Fast 40mm f/2 Lens | Nikon USA Model,2.840091139161936,4.8,2136.95,2239.95,120.0,No Badge,4.6,34
8024,"UBeesize 72"" Phone Tripod - Tripod for iPhone & Selfie Stick with Phone Holder & Remote - Upgraded, Stable & Portable Stand for iPhone 16/15/14, Android, Cameras & Action Cams",2.533344924686678,4.5,29.69,32.99,291.0,No Badge,10.0,34
6645,"RCA 10.1"" WiFi Digital Picture Frame Uhale App Photo Frames Electronic HD IPS Touch Screen Display with 32GB Memory LED Lights, Support USB/SD Card, Slideshow, Instantly Share Photos Videos",2.3723818840588002,4.0,59.99,79.99,5.0,No Badge,25.0,34
5394,"Logitech G Astro A30 LIGHTSPEED Wireless Gaming Headset - Bluetooth, Dolby Atmos/3D Audio compatible, Detachable Boom, 27hr battery, for Xbox, Nintendo Switch, PC, Android",2.2713621604458396,3.8,127.32,127.32,1182.0,No Badge,0.0,34
1993,"Brady Authentic (M5C-1500-595-WT-BK) All-Weather Vinyl Labels 1.5 in W x 25ft Black on White. for use with BMP51, M510, and M511 Label Printers.",2.07009917446335,4.4,80.04,80.04,17.0,No Badge,0.0,34
4244,"HP 711 Yellow 29-ml Genuine Ink Cartridge (CZ132A) for DesignJet T530, T525, T520, T130, T125, T120 & T100 Large Format Plotter Printers",1.9570795521966622,4.6,42.99,42.99,1044.0,No Badge,0.0,34
3438,"Epson Premium Presentation Paper MATTE (8x10 Inches, 50 Sheets) (S041467),Bright White",1.6893070747005847,4.5,12.5,14.29,457.0,No Badge,12.53,34
2234,CR 2016 MAXELL LITHIUM BATTERIES (2 piece) 3V Watch 2016 New,1.6635225840359376,4.6,3.98,3.98,1320.0,No Badge,0.0,34
791,ASURION 4 Year Housewares Protection Plan ($150 - $174.99),1.565994907284126,4.5,34.99,34.99,3459.0,No Badge,0.0,34
6930,"SAMSUNG Odyssey G5 Series 27-Inch WQHD (2560x1440) Gaming Monitor, 144Hz, Curved, 1ms, HDMI, Display Port, FreeSync Premium (LC27G55TQWNXZA)",1.5079387806923892,4.4,219.0,219.0,2319.0,No Badge,0.0,34
3890,"Gigabyte Radeon RX 9060 XT Gaming OC 16G Graphics Card - 16GB GDDR6, 128bit, PCI-E 5.0, 3320 MHz Core Clock, 2 x DisplayPort, 1 x HDMI, GV-R9060XTGAMING OC-16GD",3.112695575804788,4.6,410.0,410.0,118.0,No Badge,0.0,35
1881,"Belkin MagSafe-Compatible Charger, 3-in-1 Wireless Charging Station, Qi2-Certified 15W Wireless Charge for Apple iPhone 16 Series, Apple Watch, AirPods w/Non-Slip Base, 40W Included - Black",2.797632919446082,4.4,119.99,119.99,3520.0,No Badge,0.0,35
171,"ARKON Mounts - Camera Wall Mount Robust Aluminum Construction Easy Installation Precision adjustments to capture any angle Great security camera mount for CCTV cameras, camcorders, and more",2.368843971965067,4.6,31.05,49.95,1138.0,No Badge,37.84,35
8616,"acer 2-Pack Laptop Privacy Screen - for Laptop 15.6 Inch 16:9, Magnetic & Removable Privacy Filter Shield, Anti-Glare Screen Protector, Dual-Sided Monitor Shield, for HP, Dell and Other Major Brands",1.7510869046128055,4.5,59.99,59.99,381.0,No Badge,0.0,35
1752,"BAGSMART 13-14 inch Laptop Case with Handle, Puffy Padded Laptop Bag Sleeve for Women, Portable MacBook Air/Pro Case Compatible with Dell, HP, Lenovo, ASUS, Acer, Huawei Computer, Beige",1.7481595305969284,4.6,24.99,24.99,1075.0,No Badge,0.0,35
3607,"Fujifilm Instax Mini 99 Instant Camera Vintage Black. + Value Pack (40 Sheets) Shutter Accessories Bundle, Includes Style Compatible Carrying Case, Black Photo Album 64 Pockets",1.7468618335407402,4.3,269.95,269.95,25.0,No Badge,0.0,35
4542,Humminbird LakeMaster Premium Minnesota V1 Map SD Card for Fish Finders,1.7130966522478288,4.6,156.84,199.99,66.0,No Badge,21.58,35
1957,"Bose Headphones 700, Noise Cancelling Bluetooth Over-Ear Wireless Headphones with Built-in Microphone for Clear Calls and Alexa Voice Control, Black",1.5147533153704218,4.5,79.99,85.99,36499.0,No Badge,0.0,35
3968,"Google Coral USB Accelerator: ML Accelerator, USB 3.0 Type-C, Debian Linux Compatible",1.4906457152294632,4.6,150.94,150.94,423.0,No Badge,0.0,35
5394,"Logitech G Astro A30 LIGHTSPEED Wireless Gaming Headset - Bluetooth, Dolby Atmos/3D Audio compatible, Detachable Boom, 27hr battery, for Xbox, Nintendo Switch, PC, Android",1.4665890252395855,3.8,127.32,127.32,1182.0,No Badge,0.0,35
4441,"HP ScanJet Pro 3000 s4 (6FW07A) 40ppm USB 3.0 Color Duplex Scanner with 50-page ADF for Documents, Photos, Receipts, and Cards. TWAIN/ISIS drivers included",2.1666419210494485,3.7,216.66,216.66,76.0,No Badge,0.0,36
3432,"Epson LabelWorks Standard LK (Replaces LC) Tape Cartridge ~1/2"" Black on White (LK-4WBN) - for use with LabelWorks LW-300, LW-400, LW-600P and LW-700 Label Printers",2.1650107243884014,4.6,13.96,14.99,801.0,No Badge,6.87,36
4717,"JBL RallyBar - 21"" Bluetooth Universal Outdoor Vehicle Soundbar with Built-in 150w RMS Amplifier, LED Lights, IP66 Water & Dust Resistant, Black",2.0781169446515455,4.7,879.95,879.95,133.0,No Badge,0.0,36
3354,"Energizer MAX AA Batteries (16 Pack), Double A Alkaline Batteries",2.0356159368481177,4.8,16.19,16.19,172.0,No Badge,0.0,36
602,ASURION 3 Year Furniture Protection Plan ($800 - $899.99),2.024571551272639,4.5,169.99,169.99,381.0,No Badge,0.0,36
3322,"Energizer Alkaline 12v Battery, A27",2.0242741414927017,4.6,7.95,7.95,8778.0,No Badge,0.0,36
6873,"SAMSUNG Galaxy A14 5G A Series Cell Phone, Factory Unlocked Android Smartphone, 64GB w/Expandable Storage, Long Battery Life, 13MP Camera, 6.6"" Infinite Display Screen, US Version, 2023, Black",1.7089815177245158,4.2,118.44,118.44,924.0,No Badge,0.0,36
7519,Sony Playstation PS4 1TB Black Console,1.572471316928419,4.6,200.0,200.0,1709.0,No Badge,0.0,36
5279,"Lenovo USI Stylus Pen, Chrome OS Support, 4,096 Levels of Pressure Sensitivity, 150 Days Battery Life, AAAA Battery, Works with Chromebook, GX81B10212,Grey",1.5562740289526877,3.9,29.99,43.99,1702.0,No Badge,31.83,36
791,ASURION 4 Year Housewares Protection Plan ($150 - $174.99),1.468047222751499,4.5,34.99,34.99,3459.0,No Badge,0.0,36
5523,Lume Cube RGB Tube Light Mini for Photo & Video | RGBWW Full Color Tube Light | Bluetooth App Controlled | Millions of Colors | Aluminum Durable Design | 97+ CRI,3.1613023789688097,4.9,169.99,169.99,29.0,No Badge,0.0,37
4917,Kicker 46CXA3604 CXA3604-4x90-Watt 4-Channel Full-Range Amp,2.907731531775513,4.7,206.96,206.96,353.0,No Badge,0.0,37
3511,FUJIFILM X-T5 Mirrorless Digital Camera XF16-50mmF2.8-4.8 R LM WR Lens Kit - Silver,2.542177922659116,4.5,2299.0,2299.0,2.0,No Badge,0.0,37
5279,"Lenovo USI Stylus Pen, Chrome OS Support, 4,096 Levels of Pressure Sensitivity, 150 Days Battery Life, AAAA Battery, Works with Chromebook, GX81B10212,Grey",2.3718676873370934,3.9,29.99,43.99,1702.0,No Badge,31.83,37
2172,CISCO DESIGNED Business CBS220-24P-4G Smart Switch | 24 Port GE | PoE | 4x1G SFP | 3-Year Limited Hardware Warranty (CBS220-24P-4G-NA),2.1371443945785016,4.5,430.19,451.99,88.0,No Badge,4.82,37
2256,"Canon CLI-251 Genuine 5 Color Value Pack, Compatible with MG7520, MG5620, and MG6620 Printers",2.0458260553494347,4.6,69.95,74.99,1314.0,No Badge,6.72,37
60,"A better mix of precision and comfort with scrolling designed for Web use. - LOGITECH, INC. M325 Wireless Mouse, Right/Left, Blue",1.8124505977703564,4.6,13.99,13.99,906.0,No Badge,0.0,37
2234,CR 2016 MAXELL LITHIUM BATTERIES (2 piece) 3V Watch 2016 New,1.7399817400715365,4.6,3.98,3.98,1320.0,No Badge,0.0,37
4352,"HP Elitebook 650 G10 15 15.6"" FHD Business Laptop Computer, 13th Gen Intel 10-Core i7-1355U, 64GB DDR4 RAM, 2TB PCIe SSD, WiFi 6E, BT5.3, Backlit Keyboard, Fingerprint Reader, Windows 11 Pro, AZ-XUT",1.6493497744501016,4.4,1229.0,1299.0,54.0,No Badge,5.39,37
4345,"HP EliteBook 830 G7 13.3"" Notebook - Full HD - 1920 x 1080 - Intel Core i7 10th Gen i7-10610U Hexa-core (6 Core) 1.80 GHz - 32 GB Total RAM - 256 GB SSD - Intel UHD Premium Graphics - (Renewed)",1.6420430228636427,4.4,79.99,85.99,30.0,No Badge,0.0,37
7970,Toshiba 20TB MG10ACA20TE SATA 600GB 20in1 HDD,3.490280966663515,4.4,349.0,349.0,125.0,No Badge,0.0,38
3674,G.SKILL Trident Z5 Neo RGB Series (AMD Expo) DDR5 RAM 64GB (2X 32GB) 6000MT/s CL26-36-36-96 1.45V Desktop Computer Memory U-DIMM - Black (F5-6000J2636H32GX2-TZ5NR),3.0146807596578347,5.0,356.39,356.39,24.0,No Badge,0.0,38
1101,"AmScope UHM210 Series 1080p 2.0MP HDMI Digital Microscope on 11"" Articulating Arm",2.4717578176432964,4.2,400.99,400.99,6.0,No Badge,0.0,38
2172,CISCO DESIGNED Business CBS220-24P-4G Smart Switch | 24 Port GE | PoE | 4x1G SFP | 3-Year Limited Hardware Warranty (CBS220-24P-4G-NA),2.4674747714527796,4.5,430.19,451.99,88.0,No Badge,4.82,38
783,ASURION 4 Year Home Improvement Protection Plan ($600 - $699.99),2.4321514207765698,4.4,93.99,93.99,613.0,No Badge,0.0,38
2540,Celestron – Origin Intelligent Home Observatory – All-in-one Astroimaging and Stargazing Smart Telescope – 6-inch RASA Telescope – Fully-Automated GoTo Mount – User-Friendly – iOS/Android Compatible,2.2551902032863795,4.4,3797.85,3797.85,25.0,No Badge,0.0,38
8616,"acer 2-Pack Laptop Privacy Screen - for Laptop 15.6 Inch 16:9, Magnetic & Removable Privacy Filter Shield, Anti-Glare Screen Protector, Dual-Sided Monitor Shield, for HP, Dell and Other Major Brands",2.0695694949040484,4.5,59.99,59.99,381.0,No Badge,0.0,38
3322,"Energizer Alkaline 12v Battery, A27",1.95061017020002,4.6,7.95,7.95,8778.0,No Badge,0.0,38
791,ASURION 4 Year Housewares Protection Plan ($150 - $174.99),1.9419128183348486,4.5,34.99,34.99,3459.0,No Badge,0.0,38
171,"ARKON Mounts - Camera Wall Mount Robust Aluminum Construction Easy Installation Precision adjustments to capture any angle Great security camera mount for CCTV cameras, camcorders, and more",1.8520421295254246,4.6,31.05,49.95,1138.0,No Badge,37.84,38
2847,"Dell Inspiron 15 3511 15.6 Inch Laptop, Full HD LED Non-Touch WVA Display - Intel Core i3-1115G4, 8GB DDR4 RAM, 256GB SSD, UHD Graphics, Windows 11 Home - Carbon Black",2.857632257981776,4.2,369.0,369.0,507.0,Amazon's,0.0,39
8616,"acer 2-Pack Laptop Privacy Screen - for Laptop 15.6 Inch 16:9, Magnetic & Removable Privacy Filter Shield, Anti-Glare Screen Protector, Dual-Sided Monitor Shield, for HP, Dell and Other Major Brands",2.4307724989685475,4.5,59.99,59.99,381.0,No Badge,0.0,39
4927,Kingston DataTraveler SE9 USB Flash Drive; 256GB,2.2545462287799376,4.5,24.99,26.99,1479.0,No Badge,7.41,39
4441,"HP ScanJet Pro 3000 s4 (6FW07A) 40ppm USB 3.0 Color Duplex Scanner with 50-page ADF for Documents, Photos, Receipts, and Cards. TWAIN/ISIS drivers included",2.1845127162835856,3.7,216.66,216.66,76.0,No Badge,0.0,39
5692,Meta Quest 2 — Advanced All-In-One Virtual Reality Headset — 256 GB,2.141840897557221,4.7,224.0,224.0,21939.0,No Badge,0.0,39
7817,"TP-Link USB 3.0 WiFi Adapter for Desktop PC (Archer TX30U Plus)-AX1800 WiFi 6 Dual-Band Plug and Play Wireless Network Adapter with 2.4GHz, 5GHz, 2×High Gain Antenna, WPA3, Supports Windows 11/10",2.091979663551183,4.7,32.99,32.99,7.0,No Badge,0.0,39
376,ASURION 2 Year Major Appliance Protection Plan ($600 - $699.99),2.019572041211308,3.9,66.99,66.99,16.0,No Badge,0.0,39
1693,"Avery Customizable Name Tags, 2-1/3"" x 3-3/8"", White with Red Border, 100 Removable Name Badges (05143)",1.8830619556515693,4.8,7.29,7.29,5525.0,No Badge,0.0,39
3000,"Duracell Coppertop AA Batteries with Power Boost Ingredients, 28 Count Pack Double A Battery with Long-lasting Power, Alkaline AA Battery for Household and Office Devices",1.869803274365228,4.8,22.25,25.49,27783.0,No Badge,12.71,39
5634,"MUDDY Hunt Hard Compact Durable Aluminum Lightweight Ergonomic Portable Easy-to-Install Silent Outdoor Camera Arm | 24"" Reach with Over 5 Points of Adjustment",1.7161556477325268,4.3,64.24,64.24,381.0,No Badge,0.0,39
3354,"Energizer MAX AA Batteries (16 Pack), Double A Alkaline Batteries",2.274880228987561,4.8,16.19,16.19,172.0,No Badge,0.0,40
3607,"Fujifilm Instax Mini 99 Instant Camera Vintage Black. + Value Pack (40 Sheets) Shutter Accessories Bundle, Includes Style Compatible Carrying Case, Black Photo Album 64 Pockets",2.182854452032487,4.3,269.95,269.95,25.0,No Badge,0.0,40
2172,CISCO DESIGNED Business CBS220-24P-4G Smart Switch | 24 Port GE | PoE | 4x1G SFP | 3-Year Limited Hardware Warranty (CBS220-24P-4G-NA),2.090363176563321,4.5,430.19,451.99,88.0,No Badge,4.82,40
2855,Dell Keyboard,2.055519941412746,4.8,38.99,38.99,14.0,No Badge,0.0,40
6033,Nikon Z f with Special Edition Prime Lens | Full-Frame Mirrorless Stills/Video Camera with Fast 40mm f/2 Lens | Nikon USA Model,1.9188832299313543,4.8,2136.95,2239.95,120.0,No Badge,4.6,40
5955,NIKON Z TELECONVERTER TC-2.0X for 2.0X Magnification of Compatible Nikon Z Mirrorless Lenses and Nikon Z Cameras,1.8949542166646962,4.2,599.95,599.95,186.0,No Badge,0.0,40
4244,"HP 711 Yellow 29-ml Genuine Ink Cartridge (CZ132A) for DesignJet T530, T525, T520, T130, T125, T120 & T100 Large Format Plotter Printers",1.8374425301014332,4.6,42.99,42.99,1044.0,No Badge,0.0,40
1693,"Avery Customizable Name Tags, 2-1/3"" x 3-3/8"", White with Red Border, 100 Removable Name Badges (05143)",1.752643062817905,4.8,7.29,7.29,5525.0,No Badge,0.0,40
4352,"HP Elitebook 650 G10 15 15.6"" FHD Business Laptop Computer, 13th Gen Intel 10-Core i7-1355U, 64GB DDR4 RAM, 2TB PCIe SSD, WiFi 6E, BT5.3, Backlit Keyboard, Fingerprint Reader, Windows 11 Pro, AZ-XUT",1.62755771584779,4.4,1229.0,1299.0,54.0,No Badge,5.39,40
2264,"Canon CLI-251XL Genuine Yellow Ink Tank, Compatible with MG6320, IP7220 & MG5420, MX922, MG5520, MG6420, MG7120, iX6820, iP8720, MG7520, MG6620, and MG5620 Printers",1.5653000214976258,4.8,21.99,23.99,944.0,No Badge,8.34,40
7817,"TP-Link USB 3.0 WiFi Adapter for Desktop PC (Archer TX30U Plus)-AX1800 WiFi 6 Dual-Band Plug and Play Wireless Network Adapter with 2.4GHz, 5GHz, 2×High Gain Antenna, WPA3, Supports Windows 11/10",2.887777945804378,4.7,32.99,32.99,7.0,No Badge,0.0,41
4614,Insta360 Motorcycle Selfie Stick Support Clamp,2.4975904589288116,4.5,48.99,54.99,115.0,No Badge,10.91,41
1101,"AmScope UHM210 Series 1080p 2.0MP HDMI Digital Microscope on 11"" Articulating Arm",2.055555360370945,4.2,400.99,400.99,6.0,No Badge,0.0,41
1993,"Brady Authentic (M5C-1500-595-WT-BK) All-Weather Vinyl Labels 1.5 in W x 25ft Black on White. for use with BMP51, M510, and M511 Label Printers.",2.010830300476721,4.4,80.04,80.04,17.0,No Badge,0.0,41
5970,"NZXT F120 RGB – 120mm RGB PWM PC Fan – High Airflow, Low Noise – Fluid Dynamic Bearing – Single (Requires NZXT RGB Controller for CAM Software) – 18 LEDs – Black",1.9675011002379266,4.5,24.99,24.99,1112.0,No Badge,0.0,41
4828,"KODAK 10.1 Inch WiFi Digital Picture Frame,1280x800 HD IPS Touch Screen, Electronic Smart Photo Frame with 32 GB Memory, Auto-Rotate, Instantly Share Photos/Videos Anywhere",1.8927212738345098,4.1,85.99,85.99,264.0,No Badge,0.0,41
8684,klipsch Reference Premiere RP-8000F II Ebony Floorstanding Speaker,1.8439711371313852,4.6,549.99,549.99,93.0,No Badge,0.0,41
6033,Nikon Z f with Special Edition Prime Lens | Full-Frame Mirrorless Stills/Video Camera with Fast 40mm f/2 Lens | Nikon USA Model,1.8229376702414655,4.8,2136.95,2239.95,120.0,No Badge,4.6,41
5634,"MUDDY Hunt Hard Compact Durable Aluminum Lightweight Ergonomic Portable Easy-to-Install Silent Outdoor Camera Arm | 24"" Reach with Over 5 Points of Adjustment",1.6211820219552608,4.3,64.24,64.24,381.0,No Badge,0.0,41
8043,"UGREEN 10Gbps USB to USB C Adapter 2Pack, USB C Female to USB 3.0 Male Adapter Type Charger Connector for iPhone 16 15 14 13,AirPods,iPad Air Mini 6 7,CarPlay,Black",1.615761301117263,4.5,6.49,8.99,1647.0,No Badge,27.81,41
4196,"HP 58X Black High-Yield Toner Cartridge 2-Pack | Original Cartridge | Compatible Laserjet Enterprise M406dn, Enterprise MFP M430f, Pro M404 Series, M428 Series | CF258X | Each Cartridge",2.153923413742684,4.5,611.89,611.89,381.0,No Badge,0.0,42
5523,Lume Cube RGB Tube Light Mini for Photo & Video | RGBWW Full Color Tube Light | Bluetooth App Controlled | Millions of Colors | Aluminum Durable Design | 97+ CRI,2.106447395933439,4.9,169.99,169.99,29.0,No Badge,0.0,42
5838,Motorola Solutions RMU2040 6-Pack Two-Way Radio Digital Non-Display 99 UHF Business Exclusive Frequencies,2.018508121152239,4.5,1512.0,1512.0,9.0,No Badge,0.0,42
8292,"VIVO Magnetic 13 to 34 inch Monitor Mount for Steel Surfaces, Holds up to 17.6 lbs on Surfaces Over 1.5mm Thick, Black, MOUNT-MAG01",1.9620522084024963,4.9,39.99,39.99,26.0,No Badge,0.0,42
4352,"HP Elitebook 650 G10 15 15.6"" FHD Business Laptop Computer, 13th Gen Intel 10-Core i7-1355U, 64GB DDR4 RAM, 2TB PCIe SSD, WiFi 6E, BT5.3, Backlit Keyboard, Fingerprint Reader, Windows 11 Pro, AZ-XUT",1.9050135301854219,4.4,1229.0,1299.0,54.0,No Badge,5.39,42
7602,Spigen Slim Armor CS Designed for iPhone 13 Pro Case (2021) - Black,1.890321574679138,4.3,17.99,39.99,2685.0,No Badge,55.01,42
2847,"Dell Inspiron 15 3511 15.6 Inch Laptop, Full HD LED Non-Touch WVA Display - Intel Core i3-1115G4, 8GB DDR4 RAM, 256GB SSD, UHD Graphics, Windows 11 Home - Carbon Black",1.88974834549689,4.2,369.0,369.0,507.0,Amazon's,0.0,42
1881,"Belkin MagSafe-Compatible Charger, 3-in-1 Wireless Charging Station, Qi2-Certified 15W Wireless Charge for Apple iPhone 16 Series, Apple Watch, AirPods w/Non-Slip Base, 40W Included - Black",1.8650093986941698,4.4,119.99,119.99,3520.0,No Badge,0.0,42
5279,"Lenovo USI Stylus Pen, Chrome OS Support, 4,096 Levels of Pressure Sensitivity, 150 Days Battery Life, AAAA Battery, Works with Chromebook, GX81B10212,Grey",1.8487528736424241,3.9,29.99,43.99,1702.0,No Badge,31.83,42
5247,"Lenovo ThinkPad P16 Gen 2 Intel Core i7-14700HX, 20C, 16"" WQUXGA (3840 x 2400), 800 nits, 60Hz, 32GB RAM DDR5, 1TB SSD, NVIDIA RTX 2000, Backlit KYB, Fingerprint Reader, Windows Pro",1.8457855225972777,4.5,2259.0,2259.0,381.0,No Badge,0.0,42
6033,Nikon Z f with Special Edition Prime Lens | Full-Frame Mirrorless Stills/Video Camera with Fast 40mm f/2 Lens | Nikon USA Model,2.9668331757747946,4.8,2136.95,2239.95,120.0,No Badge,4.6,43
1101,"AmScope UHM210 Series 1080p 2.0MP HDMI Digital Microscope on 11"" Articulating Arm",2.785118966006722,4.2,400.99,400.99,6.0,No Badge,0.0,43
5523,Lume Cube RGB Tube Light Mini for Photo & Video | RGBWW Full Color Tube Light | Bluetooth App Controlled | Millions of Colors | Aluminum Durable Design | 97+ CRI,2.250610434710553,4.9,169.99,169.99,29.0,No Badge,0.0,43
3115,"EPSON 288 DURABrite Ultra Ink Standard Capacity Black Dual Cartridge Pack (T288120-D2) Works with Expression XP-330, XP-430, XP-434, XP-340, XP-440, XP-446",2.0768244624540486,4.7,27.49,27.49,1314.0,No Badge,0.0,43
1935,Blackmagic Design Davinci Resolve Speed Editor Bundle with Davinci Resolve 18 Studio (Activation Card),2.004285664407591,4.6,475.0,475.0,608.0,No Badge,0.0,43
1752,"BAGSMART 13-14 inch Laptop Case with Handle, Puffy Padded Laptop Bag Sleeve for Women, Portable MacBook Air/Pro Case Compatible with Dell, HP, Lenovo, ASUS, Acer, Huawei Computer, Beige",1.9131670557346676,4.6,24.99,24.99,1075.0,No Badge,0.0,43
3438,"Epson Premium Presentation Paper MATTE (8x10 Inches, 50 Sheets) (S041467),Bright White",1.795310220282412,4.5,12.5,14.29,457.0,No Badge,12.53,43
6645,"RCA 10.1"" WiFi Digital Picture Frame Uhale App Photo Frames Electronic HD IPS Touch Screen Display with 32GB Memory LED Lights, Support USB/SD Card, Slideshow, Instantly Share Photos Videos",1.788669630134954,4.0,59.99,79.99,5.0,No Badge,25.0,43
6604,"Pyle Indoor / Outdoor PA Horn Speaker - 8” Portable PA Speaker with 8 Ohms Impedance & 65 Watts Peak Power, Mounting Bracket & Hardware Included",1.724764094521755,4.2,19.1,19.1,2058.0,No Badge,0.0,43
2996,"Duracell Coppertop 9V Battery, 6 Count (Pack of 1), 9 Volt Battery with Long-lasting Power, All-Purpose Alkaline 9V Battery for Household and Office Devices",1.7063412225567411,4.8,25.47,25.47,5207.0,No Badge,0.0,43
6033,Nikon Z f with Special Edition Prime Lens | Full-Frame Mirrorless Stills/Video Camera with Fast 40mm f/2 Lens | Nikon USA Model,2.286852815687064,4.8,2136.95,2239.95,120.0,No Badge,4.6,44
8616,"acer 2-Pack Laptop Privacy Screen - for Laptop 15.6 Inch 16:9, Magnetic & Removable Privacy Filter Shield, Anti-Glare Screen Protector, Dual-Sided Monitor Shield, for HP, Dell and Other Major Brands",2.2420228399129156,4.5,59.99,59.99,381.0,No Badge,0.0,44
5394,"Logitech G Astro A30 LIGHTSPEED Wireless Gaming Headset - Bluetooth, Dolby Atmos/3D Audio compatible, Detachable Boom, 27hr battery, for Xbox, Nintendo Switch, PC, Android",1.9795453581026752,3.8,127.32,127.32,1182.0,No Badge,0.0,44
7845,"Tamron 17-28mm f/2.8 Di III RXD for Sony Mirrorless Full Frame/APS-C E Mount, Black (AFA046S700)",1.793880709936639,4.6,79.99,85.99,659.0,No Badge,0.0,44
4352,"HP Elitebook 650 G10 15 15.6"" FHD Business Laptop Computer, 13th Gen Intel 10-Core i7-1355U, 64GB DDR4 RAM, 2TB PCIe SSD, WiFi 6E, BT5.3, Backlit Keyboard, Fingerprint Reader, Windows 11 Pro, AZ-XUT",1.757034822790824,4.4,1229.0,1299.0,54.0,No Badge,5.39,44
8684,klipsch Reference Premiere RP-8000F II Ebony Floorstanding Speaker,1.7179766138097565,4.6,549.99,549.99,93.0,No Badge,0.0,44
4717,"JBL RallyBar - 21"" Bluetooth Universal Outdoor Vehicle Soundbar with Built-in 150w RMS Amplifier, LED Lights, IP66 Water & Dust Resistant, Black",1.7120960984209252,4.7,879.95,879.95,133.0,No Badge,0.0,44
2675,CyberPower RCCARD100 Cloud Monitoring Card,1.686468469020081,3.9,68.95,79.0,101.0,No Badge,12.72,44
1957,"Bose Headphones 700, Noise Cancelling Bluetooth Over-Ear Wireless Headphones with Built-in Microphone for Clear Calls and Alexa Voice Control, Black",1.6607241958585894,4.5,79.99,85.99,36499.0,No Badge,0.0,44
7519,Sony Playstation PS4 1TB Black Console,1.6063662190216856,4.6,200.0,200.0,1709.0,No Badge,0.0,44
5692,Meta Quest 2 — Advanced All-In-One Virtual Reality Headset — 256 GB,2.1402842351405758,4.7,224.0,224.0,21939.0,No Badge,0.0,45
7356,"Simple Houseware Mesh Laptop Stand with 11-Levels Adjustable Ventilated Computer Holder, Black",1.8547511868582258,4.7,16.87,16.87,5205.0,No Badge,0.0,45
2996,"Duracell Coppertop 9V Battery, 6 Count (Pack of 1), 9 Volt Battery with Long-lasting Power, All-Purpose Alkaline 9V Battery for Household and Office Devices",1.801220078999641,4.8,25.47,25.47,5207.0,No Badge,0.0,45
5279,"Lenovo USI Stylus Pen, Chrome OS Support, 4,096 Levels of Pressure Sensitivity, 150 Days Battery Life, AAAA Battery, Works with Chromebook, GX81B10212,Grey",1.7527906980110788,3.9,29.99,43.99,1702.0,No Badge,31.83,45
1752,"BAGSMART 13-14 inch Laptop Case with Handle, Puffy Padded Laptop Bag Sleeve for Women, Portable MacBook Air/Pro Case Compatible with Dell, HP, Lenovo, ASUS, Acer, Huawei Computer, Beige",1.5070436597423507,4.6,24.99,24.99,1075.0,No Badge,0.0,45
5954,NIKON Z TELECONVERTER TC-1.4X for 1.4X Magnification of Compatible Nikon Z Mirrorless Lenses and Nikon Z Cameras,1.448059477355308,4.6,479.99,479.99,104.0,No Badge,0.0,45
6257,"PIONEER A-Series Plus TS-A6971F 6” x 9” 4-Way Speakers (Pair) – 600W Max, Balanced Sound + Smooth Treble, Enhanced Bass, Ideal Factory Upgrade, Installation Adaptors Included",1.4477364442754048,4.6,71.89,109.99,73.0,No Badge,34.64,45
7182,"Sanus Height Adjustable Speaker Stand for Sonos Era 300™ - 17"" Height Adjustment Sonos Stand Includes Carpet Spikes & Rubber Pads - Easy DIY Install Comes w/All Hardware - White",1.3679769444796026,4.4,179.99,179.99,45.0,No Badge,0.0,45
6301,Pacsafe Vibe 325 Anti Theft Crossbody Casual Daypack,1.3369777324857641,4.5,129.94,129.94,376.0,No Badge,0.0,45
3890,"Gigabyte Radeon RX 9060 XT Gaming OC 16G Graphics Card - 16GB GDDR6, 128bit, PCI-E 5.0, 3320 MHz Core Clock, 2 x DisplayPort, 1 x HDMI, GV-R9060XTGAMING OC-16GD",1.304602659325831,4.6,410.0,410.0,118.0,No Badge,0.0,45
5634,"MUDDY Hunt Hard Compact Durable Aluminum Lightweight Ergonomic Portable Easy-to-Install Silent Outdoor Camera Arm | 24"" Reach with Over 5 Points of Adjustment",3.2340918989720326,4.3,64.24,64.24,381.0,No Badge,0.0,46
6301,Pacsafe Vibe 325 Anti Theft Crossbody Casual Daypack,2.756935293489897,4.5,129.94,129.94,376.0,No Badge,0.0,46
4244,"HP 711 Yellow 29-ml Genuine Ink Cartridge (CZ132A) for DesignJet T530, T525, T520, T130, T125, T120 & T100 Large Format Plotter Printers",2.470987668479569,4.6,42.99,42.99,1044.0,No Badge,0.0,46
6373,"Peak Design Slide Lite Camera Strap, Black, Configurable as a Sling, Neck or Shoulder Strap, Quick Release and Connection, Smooth and Grippy Side, Camera Straps for Photographers, 200 lb Capacity",2.3879254972643813,4.7,69.95,69.95,7235.0,No Badge,0.0,46
6645,"RCA 10.1"" WiFi Digital Picture Frame Uhale App Photo Frames Electronic HD IPS Touch Screen Display with 32GB Memory LED Lights, Support USB/SD Card, Slideshow, Instantly Share Photos Videos",2.0812641201481603,4.0,59.99,79.99,5.0,No Badge,25.0,46
8292,"VIVO Magnetic 13 to 34 inch Monitor Mount for Steel Surfaces, Holds up to 17.6 lbs on Surfaces Over 1.5mm Thick, Black, MOUNT-MAG01",1.978677292372343,4.9,39.99,39.99,26.0,No Badge,0.0,46
7356,"Simple Houseware Mesh Laptop Stand with 11-Levels Adjustable Ventilated Computer Holder, Black",1.8425595038718416,4.7,16.87,16.87,5205.0,No Badge,0.0,46
8059,"UGREEN 45W USB C Charger, Nexode 2 Port GaN Foldable PPS Wall Charger Block Support Samsung Super Fast Charging 2.0 for Galaxy S25/S24/Note 20, iPhone 16/15/14, iPad, MacBook, Steam Deck (Black)",1.8225249489041861,4.6,22.99,29.99,6293.0,No Badge,23.34,46
7817,"TP-Link USB 3.0 WiFi Adapter for Desktop PC (Archer TX30U Plus)-AX1800 WiFi 6 Dual-Band Plug and Play Wireless Network Adapter with 2.4GHz, 5GHz, 2×High Gain Antenna, WPA3, Supports Windows 11/10",1.763266072341804,4.7,32.99,32.99,7.0,No Badge,0.0,46
3511,FUJIFILM X-T5 Mirrorless Digital Camera XF16-50mmF2.8-4.8 R LM WR Lens Kit - Silver,1.6930213795131912,4.5,2299.0,2299.0,2.0,No Badge,0.0,46
6645,"RCA 10.1"" WiFi Digital Picture Frame Uhale App Photo Frames Electronic HD IPS Touch Screen Display with 32GB Memory LED Lights, Support USB/SD Card, Slideshow, Instantly Share Photos Videos",3.1555587237603016,4.0,59.99,79.99,5.0,No Badge,25.0,47
1693,"Avery Customizable Name Tags, 2-1/3"" x 3-3/8"", White with Red Border, 100 Removable Name Badges (05143)",2.7598676210790516,4.8,7.29,7.29,5525.0,No Badge,0.0,47
5692,Meta Quest 2 — Advanced All-In-One Virtual Reality Headset — 256 GB,2.6720767356607547,4.7,224.0,224.0,21939.0,No Badge,0.0,47
171,"ARKON Mounts - Camera Wall Mount Robust Aluminum Construction Easy Installation Precision adjustments to capture any angle Great security camera mount for CCTV cameras, camcorders, and more",2.4353306224807283,4.6,31.05,49.95,1138.0,No Badge,37.84,47
3432,"Epson LabelWorks Standard LK (Replaces LC) Tape Cartridge ~1/2"" Black on White (LK-4WBN) - for use with LabelWorks LW-300, LW-400, LW-600P and LW-700 Label Printers",2.260320429930243,4.6,13.96,14.99,801.0,No Badge,6.87,47
2256,"Canon CLI-251 Genuine 5 Color Value Pack, Compatible with MG7520, MG5620, and MG6620 Printers",2.1446189641442013,4.6,69.95,74.99,1314.0,No Badge,6.72,47
2847,"Dell Inspiron 15 3511 15.6 Inch Laptop, Full HD LED Non-Touch WVA Display - Intel Core i3-1115G4, 8GB DDR4 RAM, 256GB SSD, UHD Graphics, Windows 11 Home - Carbon Black",2.123979264224923,4.2,369.0,369.0,507.0,Amazon's,0.0,47
8457,Walker's Shooting Ear & Hearing Protection Sport Electronic Bluetooth Rechargeable ATACS Wireless Earbuds,1.969928400418168,3.6,124.99,124.99,76.0,No Badge,0.0,47
6742,Renata Watch Battery 321 0%Hg Mercury Free X 3,1.8971779231678612,4.6,6.95,6.95,1533.0,No Badge,0.0,47
5954,NIKON Z TELECONVERTER TC-1.4X for 1.4X Magnification of Compatible Nikon Z Mirrorless Lenses and Nikon Z Cameras,1.8762391412339925,4.6,479.99,479.99,104.0,No Badge,0.0,47
171,"ARKON Mounts - Camera Wall Mount Robust Aluminum Construction Easy Installation Precision adjustments to capture any angle Great security camera mount for CCTV cameras, camcorders, and more",3.8704395817882213,4.6,31.05,49.95,1138.0,No Badge,37.84,48
2172,CISCO DESIGNED Business CBS220-24P-4G Smart Switch | 24 Port GE | PoE | 4x1G SFP | 3-Year Limited Hardware Warranty (CBS220-24P-4G-NA),2.6940437145494607,4.5,430.19,451.99,88.0,No Badge,4.82,48
2264,"Canon CLI-251XL Genuine Yellow Ink Tank, Compatible with MG6320, IP7220 & MG5420, MX922, MG5520, MG6420, MG7120, iX6820, iP8720, MG7520, MG6620, and MG5620 Printers",2.344359303246357,4.8,21.99,23.99,944.0,No Badge,8.34,48
608,ASURION 3 Year Headphones Protection Plan ($50 - $59.99),1.8262575820161442,4.5,10.99,10.99,57.0,No Badge,0.0,48
7139,"SanDisk 32GB Ultra SDHC UHS-I Class 10 Camera Card 120MB/s U1, Full HD, SD. C10 SDSDUN4-032G (10 Pack) Bundle with (1) GoRAM USB 3.0 Reader (32GB)",1.7600906608841316,4.9,76.99,76.99,39.0,No Badge,0.0,48
783,ASURION 4 Year Home Improvement Protection Plan ($600 - $699.99),1.7592290609651706,4.4,93.99,93.99,613.0,No Badge,0.0,48
4071,"HP 2023 17 Laptop, 17.3 Inch FHD Anti-Glare Display, 13th Gen Intel 10-Core i5-1335U(Beat i7-1255U), 16GB RAM, 512GB SSD, Intel Iris Xe Graphics, Backlit Keyboard, Windows 11 Home, Silver",1.737081179371352,4.2,568.0,568.0,54.0,No Badge,0.0,48
535,ASURION 3 Year Desktop Protection Plan ($150 - $174.99),1.7297309662976117,4.4,25.99,25.99,1131.0,No Badge,0.0,48
8024,"UBeesize 72"" Phone Tripod - Tripod for iPhone & Selfie Stick with Phone Holder & Remote - Upgraded, Stable & Portable Stand for iPhone 16/15/14, Android, Cameras & Action Cams",1.7074378446686618,4.5,29.69,32.99,291.0,No Badge,10.0,48
3511,FUJIFILM X-T5 Mirrorless Digital Camera XF16-50mmF2.8-4.8 R LM WR Lens Kit - Silver,1.6759913750004085,4.5,2299.0,2299.0,2.0,No Badge,0.0,48
6373,"Peak Design Slide Lite Camera Strap, Black, Configurable as a Sling, Neck or Shoulder Strap, Quick Release and Connection, Smooth and Grippy Side, Camera Straps for Photographers, 200 lb Capacity",2.4835559837708625,4.7,69.95,69.95,7235.0,No Badge,0.0,49
5530,MEM 2 * 16G|GSK F5-6000J3636F16GX2-FX5,2.070511715302935,4.7,77.0,77.0,28.0,No Badge,0.0,49
4500,"Hello Kitty 2-in-1 Wireless Bluetooth Headphones with Wired Earbuds – Foldable Over-Ear Headset with Built-in Mic, AUX Cable, Adjustable Headband, and Onboard Controls – Kuromi",1.9927493585364708,3.2,29.99,29.99,84.0,No Badge,0.0,49
2256,"Canon CLI-251 Genuine 5 Color Value Pack, Compatible with MG7520, MG5620, and MG6620 Printers",1.9370342405530026,4.6,69.95,74.99,1314.0,No Badge,6.72,49
4707,"JBL Live Buds 3 - True Wireless Noise-Cancelling Bud-Type Earbuds, 40Hrs Total Playback, Wireless Charging, 6 Mics for Perfect Calls, Multi-Point Connection, IP55 Waterproof and dustproof (Black)",1.9247862417397932,4.3,139.95,199.95,245.0,No Badge,30.01,49
4542,Humminbird LakeMaster Premium Minnesota V1 Map SD Card for Fish Finders,1.8368156716677406,4.6,156.84,199.99,66.0,No Badge,21.58,49
4828,"KODAK 10.1 Inch WiFi Digital Picture Frame,1280x800 HD IPS Touch Screen, Electronic Smart Photo Frame with 32 GB Memory, Auto-Rotate, Instantly Share Photos/Videos Anywhere",1.824490963313186,4.1,85.99,85.99,264.0,No Badge,0.0,49
7562,"Sony Wi-Xb400 Headphones Wireless Neck-Band Calls/Music USB, W128298864 (Neck-Band Calls/Music USB Type-C Bluetooth Black)",1.7381641717981042,4.0,47.99,47.99,4433.0,No Badge,0.0,49
5828,Motorola 56531 Multi Unit Charger / Cloning Station,1.7375076225708468,4.3,199.99,199.99,105.0,No Badge,0.0,49
3432,"Epson LabelWorks Standard LK (Replaces LC) Tape Cartridge ~1/2"" Black on White (LK-4WBN) - for use with LabelWorks LW-300, LW-400, LW-600P and LW-700 Label Printers",1.7148976712525277,4.6,13.96,14.99,801.0,No Badge,6.87,49
2172,CISCO DESIGNED Business CBS220-24P-4G Smart Switch | 24 Port GE | PoE | 4x1G SFP | 3-Year Limited Hardware Warranty (CBS220-24P-4G-NA),2.3869713123967964,4.5,430.19,451.99,88.0,No Badge,4.82,50
694,ASURION 3 Year Luggage Protection Plan ($200 - $249.99),2.1425967485000483,4.6,33.99,33.99,83.0,No Badge,0.0,50
2847,"Dell Inspiron 15 3511 15.6 Inch Laptop, Full HD LED Non-Touch WVA Display - Intel Core i3-1115G4, 8GB DDR4 RAM, 256GB SSD, UHD Graphics, Windows 11 Home - Carbon Black",2.1127942127265156,4.2,369.0,369.0,507.0,Amazon's,0.0,50
7356,"Simple Houseware Mesh Laptop Stand with 11-Levels Adjustable Ventilated Computer Holder, Black",1.8977820265084642,4.7,16.87,16.87,5205.0,No Badge,0.0,50
1721,"Avery Printable Greeting Cards with Envelopes, Half-Fold, 5.5"" x 8.5"", Matte White, 30 Blank Greeting Cards for Inkjet Printers (08316)",1.841043842753979,4.7,22.07,27.33,1460.0,No Badge,19.25,50
7519,Sony Playstation PS4 1TB Black Console,1.813447703822224,4.6,200.0,200.0,1709.0,No Badge,0.0,50
6930,"SAMSUNG Odyssey G5 Series 27-Inch WQHD (2560x1440) Gaming Monitor, 144Hz, Curved, 1ms, HDMI, Display Port, FreeSync Premium (LC27G55TQWNXZA)",1.7669951034683058,4.4,219.0,219.0,2319.0,No Badge,0.0,50
1935,Blackmagic Design Davinci Resolve Speed Editor Bundle with Davinci Resolve 18 Studio (Activation Card),1.7096612513390501,4.6,475.0,475.0,608.0,No Badge,0.0,50
2535,"Celestron 93973 Skyportal WiFi Module, Black",1.6914495002067946,4.3,129.99,143.95,2274.0,No Badge,9.7,50
3841,"Garmin Striker Plus 4 with Dual-Beam Transducer and Protective Cover, 4.3"" LED Display, 1.1 lbs, Fishfinder, Plus 4 Model",1.6899380614686228,4.7,179.99,179.99,288.0,No Badge,0.0,50
